,filename,positive,planktonic,clumped,rods,filaments
46,20230131-ecoli-cipro-1_Crop_0_59.tiff,1,1,1,0,0
176,20230131-ecoli-cipro-1_Crop_0_209.tiff,1,1,0,0,0
210,20230131-ecoli-cipro-1_Crop_0_244.tiff,1,1,0,0,0
246,20230131-ecoli-cipro-1_Crop_0_283.tiff,1,1,0,0,0
247,20230131-ecoli-cipro-1_Crop_0_284.tiff,1,1,0,0,0
248,20230131-ecoli-cipro-1_Crop_0_285.tiff,1,1,0,0,0
306,20230131-ecoli-cipro-1_Crop_0_348.tiff,1,1,1,0,0
316,20230131-ecoli-cipro-1_Crop_0_358.tiff,1,1,0,0,0
462,20230131-ecoli-cipro-1_Crop_1_31.tiff,1,1,1,0,0
469,20230131-ecoli-cipro-1_Crop_1_40.tiff,1,1,1,0,0
619,20230131-ecoli-cipro-1_Crop_1_206.tiff,1,1,1,0,0
654,20230131-ecoli-cipro-1_Crop_1_245.tiff,1,1,1,0,0
712,20230131-ecoli-cipro-1_Crop_1_309.tiff,1,1,1,0,0
775,20230131-ecoli-cipro-1_Crop_1_376.tiff,1,0,1,0,0
805,20230131-ecoli-cipro-1_Crop_1_407.tiff,1,1,0,0,0
815,20230131-ecoli-cipro-1_Crop_1_417.tiff,1,1,1,0,0
908,20230131-ecoli-cipro-1_Crop_2_11.tiff,1,1,1,0,0
940,20230131-ecoli-cipro-1_Crop_2_43.tiff,1,1,1,1,1
1041,20230131-ecoli-cipro-1_Crop_2_148.tiff,0,0,0,0,0
1042,20230131-ecoli-cipro-1_Crop_2_149.tiff,0,0,0,0,0
1089,20230131-ecoli-cipro-1_Crop_2_200.tiff,1,1,1,0,0
1110,20230131-ecoli-cipro-1_Crop_2_222.tiff,1,1,1,0,0
1167,20230131-ecoli-cipro-1_Crop_2_287.tiff,1,0,1,0,0
1202,20230131-ecoli-cipro-1_Crop_2_326.tiff,1,1,1,0,0
1222,20230131-ecoli-cipro-1_Crop_2_350.tiff,1,1,1,0,0
1266,20230131-ecoli-cipro-1_Crop_2_397.tiff,1,1,1,1,0
1415,20230131-ecoli-cipro-1_Crop_3_61.tiff,1,1,1,0,0
1429,20230131-ecoli-cipro-1_Crop_3_75.tiff,1,1,1,0,0
1448,20230131-ecoli-cipro-1_Crop_3_100.tiff,1,1,1,0,0
1534,20230131-ecoli-cipro-1_Crop_3_194.tiff,1,1,1,0,1
1561,20230131-ecoli-cipro-1_Crop_3_222.tiff,1,1,0,0,0
1588,20230131-ecoli-cipro-1_Crop_3_249.tiff,1,1,1,1,0
1681,20230131-ecoli-cipro-1_Crop_3_349.tiff,1,1,1,1,0
1688,20230131-ecoli-cipro-1_Crop_3_356.tiff,1,1,0,0,1
1765,20230131-ecoli-cipro-1_Crop_3_439.tiff,1,1,1,0,0
1820,20230131-ecoli-cipro-1_Crop_3_496.tiff,1,1,1,0,0
1825,20230131-ecoli-cipro-1_Crop_4_3.tiff,1,0,1,0,0
1864,20230131-ecoli-cipro-1_Crop_4_55.tiff,1,1,1,0,0
1875,20230131-ecoli-cipro-1_Crop_4_66.tiff,1,1,1,0,1
1886,20230131-ecoli-cipro-1_Crop_4_84.tiff,0,0,0,0,0
1887,20230131-ecoli-cipro-1_Crop_4_85.tiff,0,1,0,0,0
1909,20230131-ecoli-cipro-1_Crop_4_110.tiff,1,1,1,0,1
1921,20230131-ecoli-cipro-1_Crop_4_124.tiff,1,1,1,0,0
1931,20230131-ecoli-cipro-1_Crop_4_136.tiff,1,1,1,1,1
1954,20230131-ecoli-cipro-1_Crop_4_159.tiff,1,1,1,1,0
1976,20230131-ecoli-cipro-1_Crop_4_184.tiff,1,1,1,0,0
1981,20230131-ecoli-cipro-1_Crop_4_189.tiff,1,1,1,0,0
2085,20230131-ecoli-cipro-1_Crop_4_306.tiff,1,1,1,1,0
2120,20230131-ecoli-cipro-1_Crop_4_342.tiff,1,1,1,0,0
2282,20230131-ecoli-cipro-1_Crop_5_23.tiff,1,1,1,0,1
2342,20230131-ecoli-cipro-1_Crop_5_87.tiff,1,1,1,1,0
2378,20230131-ecoli-cipro-1_Crop_5_127.tiff,1,0,1,0,1
2384,20230131-ecoli-cipro-1_Crop_5_133.tiff,0,0,0,0,0
2385,20230131-ecoli-cipro-1_Crop_5_134.tiff,0,1,0,0,0
2386,20230131-ecoli-cipro-1_Crop_5_135.tiff,0,0,0,0,0
2448,20230131-ecoli-cipro-1_Crop_5_202.tiff,1,1,1,1,1
2458,20230131-ecoli-cipro-1_Crop_5_213.tiff,0,1,0,0,0
2506,20230131-ecoli-cipro-1_Crop_5_264.tiff,1,1,1,0,1
2610,20230131-ecoli-cipro-1_Crop_5_371.tiff,1,1,1,1,0
2628,20230131-ecoli-cipro-1_Crop_5_393.tiff,1,1,1,1,0
2645,20230131-ecoli-cipro-1_Crop_5_410.tiff,1,0,1,1,1
2651,20230131-ecoli-cipro-1_Crop_5_416.tiff,1,1,1,1,0
2657,20230131-ecoli-cipro-1_Crop_5_422.tiff,1,1,1,0,1
2690,20230131-ecoli-cipro-1_Crop_5_457.tiff,0,1,0,0,0
2729,20230131-ecoli-cipro-2_Crop_0_5.tiff,0,1,1,0,0
2730,20230131-ecoli-cipro-2_Crop_0_6.tiff,0,1,1,0,0
2731,20230131-ecoli-cipro-2_Crop_0_7.tiff,0,1,0,1,0
2747,20230131-ecoli-cipro-2_Crop_0_23.tiff,1,1,0,0,0
2749,20230131-ecoli-cipro-2_Crop_0_25.tiff,1,1,0,0,1
2780,20230131-ecoli-cipro-2_Crop_0_59.tiff,1,1,1,0,1
2793,20230131-ecoli-cipro-2_Crop_0_72.tiff,1,1,1,0,1
2806,20230131-ecoli-cipro-2_Crop_0_86.tiff,1,1,1,1,1
2818,20230131-ecoli-cipro-2_Crop_0_100.tiff,0,1,0,0,0
2828,20230131-ecoli-cipro-2_Crop_0_113.tiff,1,1,1,0,1
2837,20230131-ecoli-cipro-2_Crop_0_122.tiff,1,1,1,0,1
2887,20230131-ecoli-cipro-2_Crop_0_181.tiff,1,1,0,0,1
2891,20230131-ecoli-cipro-2_Crop_0_185.tiff,1,1,1,0,1
2911,20230131-ecoli-cipro-2_Crop_0_205.tiff,1,1,1,0,1
2952,20230131-ecoli-cipro-2_Crop_0_252.tiff,0,0,1,0,0
3001,20230131-ecoli-cipro-2_Crop_0_312.tiff,0,1,0,0,0
3019,20230131-ecoli-cipro-2_Crop_0_330.tiff,1,1,1,0,1
3053,20230131-ecoli-cipro-2_Crop_0_369.tiff,0,1,0,0,0
3093,20230131-ecoli-cipro-2_Crop_0_414.tiff,1,1,0,0,1
3099,20230131-ecoli-cipro-2_Crop_0_421.tiff,1,1,1,0,1
3144,20230131-ecoli-cipro-2_Crop_0_474.tiff,1,1,1,0,1
3219,20230131-ecoli-cipro-2_Crop_1_52.tiff,0,1,0,0,0
3290,20230131-ecoli-cipro-2_Crop_1_129.tiff,0,0,1,0,0
3366,20230131-ecoli-cipro-2_Crop_1_214.tiff,0,1,1,0,0
3401,20230131-ecoli-cipro-2_Crop_1_249.tiff,1,1,1,0,1
3402,20230131-ecoli-cipro-2_Crop_1_250.tiff,0,1,0,0,0
3470,20230131-ecoli-cipro-2_Crop_1_328.tiff,1,1,1,0,1
3607,20230131-ecoli-cipro-2_Crop_2_2.tiff,0,0,1,0,0
3635,20230131-ecoli-cipro-2_Crop_2_33.tiff,1,1,1,1,1
3805,20230131-ecoli-cipro-2_Crop_2_216.tiff,1,1,0,1,1
3808,20230131-ecoli-cipro-2_Crop_2_219.tiff,1,1,1,0,1
3839,20230131-ecoli-cipro-2_Crop_2_256.tiff,1,1,1,0,1
3927,20230131-ecoli-cipro-2_Crop_2_346.tiff,1,1,0,0,1
4002,20230131-ecoli-cipro-2_Crop_2_427.tiff,0,1,1,0,0
4042,20230131-ecoli-cipro-2_Crop_2_470.tiff,0,1,1,0,1
4043,20230131-ecoli-cipro-2_Crop_2_471.tiff,0,1,0,0,0
4359,20230131-ecoli-cipro-2_Crop_3_331.tiff,0,1,0,0,1
4376,20230131-ecoli-cipro-2_Crop_3_350.tiff,1,1,1,0,1
4427,20230131-ecoli-cipro-2_Crop_3_413.tiff,0,1,1,0,0
4511,20230131-ecoli-cipro-2_Crop_4_25.tiff,0,0,0,0,0
4644,20230131-ecoli-cipro-2_Crop_4_179.tiff,0,1,0,0,1
4674,20230131-ecoli-cipro-2_Crop_4_211.tiff,1,1,0,0,1
4678,20230131-ecoli-cipro-2_Crop_4_215.tiff,0,0,0,0,1
4706,20230131-ecoli-cipro-2_Crop_4_247.tiff,0,0,0,1,0
4717,20230131-ecoli-cipro-2_Crop_4_259.tiff,0,0,0,1,1
4755,20230131-ecoli-cipro-2_Crop_4_300.tiff,0,1,0,1,1
4789,20230131-ecoli-cipro-2_Crop_4_338.tiff,0,1,0,1,1
4797,20230131-ecoli-cipro-2_Crop_4_346.tiff,0,0,1,0,1
4921,20230131-ecoli-cipro-2_Crop_5_8.tiff,0,0,0,0,1
4951,20230131-ecoli-cipro-2_Crop_5_41.tiff,0,1,0,0,1
4957,20230131-ecoli-cipro-2_Crop_5_47.tiff,0,0,0,1,0
4965,20230131-ecoli-cipro-2_Crop_5_55.tiff,0,0,0,1,1
4975,20230131-ecoli-cipro-2_Crop_5_65.tiff,0,1,0,0,1
5018,20230131-ecoli-cipro-2_Crop_5_111.tiff,0,1,0,1,0
5025,20230131-ecoli-cipro-2_Crop_5_119.tiff,0,0,0,0,0
5081,20230131-ecoli-cipro-2_Crop_5_182.tiff,0,0,0,1,1
5083,20230131-ecoli-cipro-2_Crop_5_184.tiff,0,0,0,0,1
5089,20230131-ecoli-cipro-2_Crop_5_190.tiff,0,0,0,0,1
5109,20230131-ecoli-cipro-2_Crop_5_212.tiff,0,1,0,1,0
5143,20230131-ecoli-cipro-2_Crop_5_251.tiff,0,0,0,1,1
5193,20230131-ecoli-cipro-2_Crop_5_302.tiff,0,1,1,0,0
5254,20230131-ecoli-cipro-2_Crop_5_365.tiff,0,0,1,0,0
5270,20230131-ecoli-cipro-2_Crop_5_383.tiff,0,0,0,1,0
5359,20230131-ecoli-cipro-2_Crop_5_483.tiff,0,0,0,0,1
5525,20220531-MIC-e.coli-cipro_2ndexp_Crop_0_162.tiff,1,1,1,0,0
5578,20220531-MIC-e.coli-cipro_2ndexp_Crop_0_219.tiff,1,1,1,0,0
5583,20220531-MIC-e.coli-cipro_2ndexp_Crop_0_224.tiff,1,1,1,0,0
5598,20220531-MIC-e.coli-cipro_2ndexp_Crop_0_241.tiff,1,1,1,0,0
5795,20220531-MIC-e.coli-cipro_2ndexp_Crop_0_482.tiff,1,1,0,0,0
5848,20220531-MIC-e.coli-cipro_2ndexp_Crop_1_44.tiff,1,1,1,0,1
5876,20220531-MIC-e.coli-cipro_2ndexp_Crop_1_72.tiff,1,1,0,1,1
5941,20220531-MIC-e.coli-cipro_2ndexp_Crop_1_142.tiff,1,0,0,0,1
5952,20220531-MIC-e.coli-cipro_2ndexp_Crop_1_153.tiff,1,1,1,0,1
6016,20220531-MIC-e.coli-cipro_2ndexp_Crop_1_227.tiff,1,1,0,1,1
6045,20220531-MIC-e.coli-cipro_2ndexp_Crop_1_263.tiff,1,1,1,0,1
6048,20220531-MIC-e.coli-cipro_2ndexp_Crop_1_266.tiff,1,1,1,0,1
6103,20220531-MIC-e.coli-cipro_2ndexp_Crop_1_329.tiff,1,1,1,0,1
6114,20220531-MIC-e.coli-cipro_2ndexp_Crop_1_341.tiff,1,1,0,1,1
6154,20220531-MIC-e.coli-cipro_2ndexp_Crop_1_388.tiff,1,1,1,0,1
6223,20220531-MIC-e.coli-cipro_2ndexp_Crop_1_470.tiff,0,0,0,0,0
6342,20220531-MIC-e.coli-cipro_2ndexp_Crop_2_97.tiff,0,0,0,1,0
6441,20220531-MIC-e.coli-cipro_2ndexp_Crop_2_206.tiff,0,1,0,0,1
7422,20220531-MIC-e.coli-cipro_2ndexp_Crop_4_306.tiff,0,0,0,1,0
7539,20220531-MIC-e.coli-cipro_2ndexp_Crop_4_431.tiff,0,0,0,0,0
7579,20220531-MIC-e.coli-cipro_2ndexp_Crop_4_475.tiff,0,0,0,0,0
7753,20220531-MIC-e.coli-cipro_2ndexp_Crop_5_155.tiff,0,1,0,1,0
7840,20220531-MIC-e.coli-cipro_2ndexp_Crop_5_249.tiff,0,0,0,1,0
7889,20220531-MIC-e.coli-cipro_2ndexp_Crop_5_300.tiff,0,1,0,1,0
7977,20220531-MIC-e.coli-cipro_2ndexp_Crop_5_393.tiff,0,1,0,0,0
7982,20220531-MIC-e.coli-cipro_2ndexp_Crop_5_398.tiff,0,0,0,0,0
8003,20220531-MIC-e.coli-cipro_2ndexp_Crop_5_421.tiff,0,0,0,1,0
8040,20220531-MIC-e.coli-cipro_2ndexp_Crop_5_460.tiff,0,0,0,1,0
8093,20220531-MIC-e.coli-cipro_1stexp_Crop_0_19.tiff,1,1,1,0,0
8145,20220531-MIC-e.coli-cipro_1stexp_Crop_0_86.tiff,0,0,0,0,0
8146,20220531-MIC-e.coli-cipro_1stexp_Crop_0_87.tiff,0,0,0,0,0
8176,20220531-MIC-e.coli-cipro_1stexp_Crop_0_123.tiff,1,1,1,0,0
8314,20220531-MIC-e.coli-cipro_1stexp_Crop_0_283.tiff,1,1,1,0,0
8426,20220531-MIC-e.coli-cipro_1stexp_Crop_0_406.tiff,1,1,1,0,0
8485,20220531-MIC-e.coli-cipro_1stexp_Crop_0_480.tiff,1,1,1,0,0
8506,20220531-MIC-e.coli-cipro_1stexp_Crop_1_10.tiff,1,1,1,0,1
8540,20220531-MIC-e.coli-cipro_1stexp_Crop_1_52.tiff,1,1,1,0,1
8551,20220531-MIC-e.coli-cipro_1stexp_Crop_1_64.tiff,1,1,1,0,1
8588,20220531-MIC-e.coli-cipro_1stexp_Crop_1_104.tiff,1,1,1,1,1
8639,20220531-MIC-e.coli-cipro_1stexp_Crop_1_161.tiff,1,1,1,0,1
8736,20220531-MIC-e.coli-cipro_1stexp_Crop_1_272.tiff,1,0,1,0,1
8752,20220531-MIC-e.coli-cipro_1stexp_Crop_1_288.tiff,1,1,1,1,1
8759,20220531-MIC-e.coli-cipro_1stexp_Crop_1_295.tiff,1,1,1,0,0
8772,20220531-MIC-e.coli-cipro_1stexp_Crop_1_310.tiff,1,1,1,0,1
8858,20220531-MIC-e.coli-cipro_1stexp_Crop_1_408.tiff,1,1,1,1,1
8863,20220531-MIC-e.coli-cipro_1stexp_Crop_1_413.tiff,1,1,1,0,0
8884,20220531-MIC-e.coli-cipro_1stexp_Crop_1_435.tiff,1,1,1,0,1
8912,20220531-MIC-e.coli-cipro_1stexp_Crop_1_468.tiff,1,1,1,0,1
8999,20220531-MIC-e.coli-cipro_1stexp_Crop_2_78.tiff,1,0,1,0,1
9009,20220531-MIC-e.coli-cipro_1stexp_Crop_2_88.tiff,0,0,0,0,1
9153,20220531-MIC-e.coli-cipro_1stexp_Crop_2_240.tiff,0,0,1,0,1
9269,20220531-MIC-e.coli-cipro_1stexp_Crop_2_362.tiff,0,0,0,0,1
9304,20220531-MIC-e.coli-cipro_1stexp_Crop_2_402.tiff,1,1,1,1,1
9346,20220531-MIC-e.coli-cipro_1stexp_Crop_2_450.tiff,0,1,0,1,0
9564,20220531-MIC-e.coli-cipro_1stexp_Crop_3_220.tiff,0,0,0,1,0
9612,20220531-MIC-e.coli-cipro_1stexp_Crop_3_272.tiff,0,0,0,0,0
9617,20220531-MIC-e.coli-cipro_1stexp_Crop_3_278.tiff,0,0,0,0,0
9914,20220531-MIC-e.coli-cipro_1stexp_Crop_4_121.tiff,0,0,0,0,0
10263,20220531-MIC-e.coli-cipro_1stexp_Crop_4_487.tiff,0,0,0,0,0
10363,20220531-MIC-e.coli-cipro_1stexp_Crop_5_98.tiff,0,0,0,0,0
10710,20220531-MIC-e.coli-cipro_1stexp_Crop_5_476.tiff,0,0,0,0,0
10734,20230110-e.coli-genta_Crop_0_7.tiff,1,0,1,0,0
10735,20230110-e.coli-genta_Crop_0_8.tiff,1,0,0,0,0
10736,20230110-e.coli-genta_Crop_0_9.tiff,1,0,1,0,0
10778,20230110-e.coli-genta_Crop_0_53.tiff,1,1,1,0,0
10783,20230110-e.coli-genta_Crop_0_58.tiff,1,1,1,0,0
10974,20230110-e.coli-genta_Crop_0_261.tiff,1,1,1,0,0
10988,20230110-e.coli-genta_Crop_0_276.tiff,1,1,1,0,0
11053,20230110-e.coli-genta_Crop_0_344.tiff,1,1,1,0,0
11174,20230110-e.coli-genta_Crop_0_470.tiff,1,1,1,0,0
11198,20230110-e.coli-genta_Crop_0_495.tiff,1,1,1,0,0
11318,20230110-e.coli-genta_Crop_1_120.tiff,1,1,1,0,0
11332,20230110-e.coli-genta_Crop_1_134.tiff,1,1,1,0,0
11374,20230110-e.coli-genta_Crop_1_183.tiff,1,1,1,0,0
11378,20230110-e.coli-genta_Crop_1_187.tiff,1,1,1,0,0
11404,20230110-e.coli-genta_Crop_1_215.tiff,1,1,1,0,0
11465,20230110-e.coli-genta_Crop_1_279.tiff,1,1,0,0,0
11490,20230110-e.coli-genta_Crop_1_305.tiff,1,1,1,0,0
11511,20230110-e.coli-genta_Crop_1_328.tiff,1,1,1,0,0
11515,20230110-e.coli-genta_Crop_1_332.tiff,1,1,1,0,0
11531,20230110-e.coli-genta_Crop_1_349.tiff,1,1,0,0,0
11622,20230110-e.coli-genta_Crop_1_451.tiff,1,1,1,0,0
11677,20230110-e.coli-genta_Crop_2_8.tiff,1,1,1,0,0
11761,20230110-e.coli-genta_Crop_2_93.tiff,0,0,0,0,0
11795,20230110-e.coli-genta_Crop_2_128.tiff,0,1,1,0,0
11814,20230110-e.coli-genta_Crop_2_147.tiff,1,1,1,0,0
11911,20230110-e.coli-genta_Crop_2_262.tiff,1,1,1,0,0
11914,20230110-e.coli-genta_Crop_2_266.tiff,1,1,1,0,0
11917,20230110-e.coli-genta_Crop_2_269.tiff,1,1,1,0,0
12128,20230110-e.coli-genta_Crop_2_496.tiff,1,1,1,0,0
12383,20230110-e.coli-genta_Crop_3_264.tiff,0,1,0,0,0
12402,20230110-e.coli-genta_Crop_3_283.tiff,0,1,0,0,0
12627,20230110-e.coli-genta_Crop_4_20.tiff,0,0,0,0,0
12629,20230110-e.coli-genta_Crop_4_24.tiff,1,1,1,0,0
12662,20230110-e.coli-genta_Crop_4_58.tiff,1,1,1,0,0
12753,20230110-e.coli-genta_Crop_4_151.tiff,1,1,1,0,0
12848,20230110-e.coli-genta_Crop_4_250.tiff,1,1,1,0,0
12861,20230110-e.coli-genta_Crop_4_263.tiff,0,1,0,0,0
13071,20230110-e.coli-genta_Crop_4_489.tiff,0,1,0,0,0
13183,20230110-e.coli-genta_Crop_5_113.tiff,1,1,1,0,0
13422,20230110-e.coli-genta_Crop_5_376.tiff,1,1,0,1,0
13519,20230110-e.coli-genta_Crop_5_485.tiff,0,1,0,0,0
13842,20230110-e.coli-genta-2_Crop_0_338.tiff,0,1,0,0,0
14013,20230110-e.coli-genta-2_Crop_1_21.tiff,0,1,0,0,0
14028,20230110-e.coli-genta-2_Crop_1_36.tiff,0,1,0,0,0
14239,20230110-e.coli-genta-2_Crop_1_271.tiff,0,1,0,0,0
14270,20230110-e.coli-genta-2_Crop_1_307.tiff,0,1,0,0,0
14302,20230110-e.coli-genta-2_Crop_1_340.tiff,0,1,1,0,0
14309,20230110-e.coli-genta-2_Crop_1_347.tiff,0,1,0,0,0
14323,20230110-e.coli-genta-2_Crop_1_362.tiff,0,1,0,0,0
14406,20230110-e.coli-genta-2_Crop_1_449.tiff,0,1,0,0,0
14770,20230110-e.coli-genta-2_Crop_2_337.tiff,0,1,0,0,0
14927,20230110-e.coli-genta-2_Crop_3_3.tiff,0,0,0,0,0
14935,20230110-e.coli-genta-2_Crop_3_11.tiff,0,1,0,0,0
15025,20230110-e.coli-genta-2_Crop_3_112.tiff,0,1,0,0,0
15095,20230110-e.coli-genta-2_Crop_3_183.tiff,0,1,0,0,0
15102,20230110-e.coli-genta-2_Crop_3_191.tiff,0,0,1,0,0
15126,20230110-e.coli-genta-2_Crop_3_215.tiff,0,1,0,0,0
15150,20230110-e.coli-genta-2_Crop_3_240.tiff,0,1,0,0,0
15158,20230110-e.coli-genta-2_Crop_3_248.tiff,0,1,0,0,0
15174,20230110-e.coli-genta-2_Crop_3_265.tiff,0,1,0,0,0
15282,20230110-e.coli-genta-2_Crop_3_376.tiff,0,0,1,0,0
15494,20230110-e.coli-genta-2_Crop_4_97.tiff,0,1,1,0,0
15542,20230110-e.coli-genta-2_Crop_4_148.tiff,0,1,0,0,0
15648,20230110-e.coli-genta-2_Crop_4_259.tiff,0,1,1,0,0
15653,20230110-e.coli-genta-2_Crop_4_264.tiff,0,1,0,0,0
15714,20230110-e.coli-genta-2_Crop_4_333.tiff,0,1,0,0,0
15783,20230110-e.coli-genta-2_Crop_4_410.tiff,0,1,0,0,0
15837,20230110-e.coli-genta-2_Crop_4_465.tiff,0,1,0,0,0
15959,20230110-e.coli-genta-2_Crop_5_87.tiff,0,1,0,0,0
15986,20230110-e.coli-genta-2_Crop_5_114.tiff,1,1,1,0,0
15999,20230110-e.coli-genta-2_Crop_5_127.tiff,0,1,1,0,0
16100,20230110-e.coli-genta-2_Crop_5_236.tiff,0,1,0,0,0
16140,20230110-e.coli-genta-2_Crop_5_278.tiff,0,1,0,0,0
16141,20230110-e.coli-genta-2_Crop_5_279.tiff,0,1,1,0,0
16148,20230110-e.coli-genta-2_Crop_5_287.tiff,0,1,0,0,0
16161,20230110-e.coli-genta-2_Crop_5_300.tiff,0,1,0,0,0
16196,20230110-e.coli-genta-2_Crop_5_336.tiff,0,1,0,0,0
16269,20230110-e.coli-genta-2_Crop_5_413.tiff,0,1,0,0,0
16350,20230110-e.coli-genta-2_Crop_5_494.tiff,0,1,0,0,0
16407,20221101-ecoli-genta1_Crop_0_57.tiff,1,1,1,0,0
16416,20221101-ecoli-genta1_Crop_0_66.tiff,1,1,0,0,0
16448,20221101-ecoli-genta1_Crop_0_101.tiff,1,1,1,1,0
16452,20221101-ecoli-genta1_Crop_0_105.tiff,1,1,1,0,0
16511,20221101-ecoli-genta1_Crop_0_175.tiff,1,1,1,0,0
16518,20221101-ecoli-genta1_Crop_0_182.tiff,1,1,1,0,0
16548,20221101-ecoli-genta1_Crop_0_216.tiff,1,1,0,0,0
16629,20221101-ecoli-genta1_Crop_0_301.tiff,1,1,1,0,0
16640,20221101-ecoli-genta1_Crop_0_312.tiff,1,1,1,0,0
16650,20221101-ecoli-genta1_Crop_0_322.tiff,1,1,0,0,0
16874,20221101-ecoli-genta1_Crop_1_66.tiff,1,1,1,0,0
16892,20221101-ecoli-genta1_Crop_1_87.tiff,1,1,0,1,0
16959,20221101-ecoli-genta1_Crop_1_168.tiff,1,1,0,0,0
16962,20221101-ecoli-genta1_Crop_1_171.tiff,1,1,0,0,0
16977,20221101-ecoli-genta1_Crop_1_192.tiff,1,1,0,0,0
16980,20221101-ecoli-genta1_Crop_1_195.tiff,0,0,0,0,0
17060,20221101-ecoli-genta1_Crop_1_295.tiff,1,1,0,0,0
17222,20221101-ecoli-genta1_Crop_2_8.tiff,1,1,1,0,0
17460,20221101-ecoli-genta1_Crop_2_277.tiff,1,1,1,0,0
17546,20221101-ecoli-genta1_Crop_2_381.tiff,1,1,0,0,0
17547,20221101-ecoli-genta1_Crop_2_382.tiff,1,1,1,0,0
17691,20221101-ecoli-genta1_Crop_3_44.tiff,0,0,0,0,0
17966,20221101-ecoli-genta1_Crop_3_334.tiff,0,0,0,0,0
18369,20221101-ecoli-genta1_Crop_4_272.tiff,0,1,0,0,0
18680,20221101-ecoli-genta1_Crop_5_111.tiff,0,0,0,0,0
19093,20221101-ecoli-genta2_Crop_0_37.tiff,1,1,1,0,0
19334,20221101-ecoli-genta2_Crop_0_300.tiff,1,1,1,0,0
19386,20221101-ecoli-genta2_Crop_0_357.tiff,1,1,1,0,0
19407,20221101-ecoli-genta2_Crop_0_382.tiff,1,1,1,0,0
19428,20221101-ecoli-genta2_Crop_0_403.tiff,1,1,0,0,0
19505,20221101-ecoli-genta2_Crop_0_486.tiff,1,1,1,0,0
19600,20221101-ecoli-genta2_Crop_1_84.tiff,1,1,0,0,0
19699,20221101-ecoli-genta2_Crop_1_208.tiff,1,1,1,0,0
19710,20221101-ecoli-genta2_Crop_1_221.tiff,1,1,1,0,0
19737,20221101-ecoli-genta2_Crop_1_253.tiff,1,1,1,0,0
19841,20221101-ecoli-genta2_Crop_1_370.tiff,1,1,1,0,0
19948,20221101-ecoli-genta2_Crop_1_486.tiff,0,0,0,0,0
19952,20221101-ecoli-genta2_Crop_1_490.tiff,1,1,0,0,0
19991,20221101-ecoli-genta2_Crop_2_30.tiff,1,1,0,0,0
20054,20221101-ecoli-genta2_Crop_2_97.tiff,1,1,1,0,0
20200,20221101-ecoli-genta2_Crop_2_266.tiff,1,1,0,1,0
20296,20221101-ecoli-genta2_Crop_2_373.tiff,1,1,0,1,0
20402,20221101-ecoli-genta2_Crop_2_491.tiff,1,1,0,0,0
20526,20221101-ecoli-genta2_Crop_3_118.tiff,0,0,0,0,0
20541,20221101-ecoli-genta2_Crop_3_134.tiff,0,0,0,0,0
20562,20221101-ecoli-genta2_Crop_3_155.tiff,0,0,0,0,0
20822,20221101-ecoli-genta2_Crop_3_460.tiff,0,1,0,0,0
20850,20221101-ecoli-genta2_Crop_3_490.tiff,0,0,0,0,0
21758,20230404-ecoli-Tetracycline_set2_Crop_0_27.tiff,1,0,1,0,0
21827,20230404-ecoli-Tetracycline_set2_Crop_0_106.tiff,1,1,1,0,0
21871,20230404-ecoli-Tetracycline_set2_Crop_0_159.tiff,0,1,0,0,0
21872,20230404-ecoli-Tetracycline_set2_Crop_0_160.tiff,1,1,0,0,0
21956,20230404-ecoli-Tetracycline_set2_Crop_0_266.tiff,0,1,0,0,0
22056,20230404-ecoli-Tetracycline_set2_Crop_0_372.tiff,0,1,0,0,0
22284,20230404-ecoli-Tetracycline_set2_Crop_1_142.tiff,0,1,0,0,0
22371,20230404-ecoli-Tetracycline_set2_Crop_1_239.tiff,0,1,0,0,0
22490,20230404-ecoli-Tetracycline_set2_Crop_1_381.tiff,0,1,0,0,0
22539,20230404-ecoli-Tetracycline_set2_Crop_1_441.tiff,0,1,0,0,0
22760,20230404-ecoli-Tetracycline_set2_Crop_2_185.tiff,0,1,0,0,0
23250,20230404-ecoli-Tetracycline_set2_Crop_3_248.tiff,0,1,0,0,0
23330,20230404-ecoli-Tetracycline_set2_Crop_3_329.tiff,0,1,0,0,0
23754,20230404-ecoli-Tetracycline_set2_Crop_4_281.tiff,0,1,0,0,0
24202,20230404-ecoli-Tetracycline_set2_Crop_5_256.tiff,0,1,0,0,0
24233,20230404-ecoli-Tetracycline_set2_Crop_5_289.tiff,0,1,0,0,0
24457,20230404-ecoli-Tetracycline_set1_Crop_0_27.tiff,0,0,0,0,0
24636,20230404-ecoli-Tetracycline_set1_Crop_0_222.tiff,1,1,0,1,0
24650,20230404-ecoli-Tetracycline_set1_Crop_0_238.tiff,1,1,1,0,0
24684,20230404-ecoli-Tetracycline_set1_Crop_0_274.tiff,1,1,0,0,0
24735,20230404-ecoli-Tetracycline_set1_Crop_0_327.tiff,1,1,1,0,0
24745,20230404-ecoli-Tetracycline_set1_Crop_0_337.tiff,1,1,0,0,0
24781,20230404-ecoli-Tetracycline_set1_Crop_0_374.tiff,1,1,1,0,0
24800,20230404-ecoli-Tetracycline_set1_Crop_0_393.tiff,1,1,0,0,0
24841,20230404-ecoli-Tetracycline_set1_Crop_0_434.tiff,1,1,1,0,0
25061,20230404-ecoli-Tetracycline_set1_Crop_1_174.tiff,1,1,0,0,0
25072,20230404-ecoli-Tetracycline_set1_Crop_1_185.tiff,1,1,1,0,0
25073,20230404-ecoli-Tetracycline_set1_Crop_1_186.tiff,1,1,0,0,0
25104,20230404-ecoli-Tetracycline_set1_Crop_1_218.tiff,1,1,0,0,0
25116,20230404-ecoli-Tetracycline_set1_Crop_1_230.tiff,1,1,1,0,0
25161,20230404-ecoli-Tetracycline_set1_Crop_1_278.tiff,1,1,1,0,0
25189,20230404-ecoli-Tetracycline_set1_Crop_1_306.tiff,1,1,1,0,0
25200,20230404-ecoli-Tetracycline_set1_Crop_1_318.tiff,1,1,1,0,0
25290,20230404-ecoli-Tetracycline_set1_Crop_1_411.tiff,1,1,1,0,0
25292,20230404-ecoli-Tetracycline_set1_Crop_1_413.tiff,1,1,0,1,0
25501,20230404-ecoli-Tetracycline_set1_Crop_2_153.tiff,1,1,1,0,0
25511,20230404-ecoli-Tetracycline_set1_Crop_2_166.tiff,1,1,1,0,0
25563,20230404-ecoli-Tetracycline_set1_Crop_2_223.tiff,1,1,1,0,0
25663,20230404-ecoli-Tetracycline_set1_Crop_2_331.tiff,1,1,1,0,0
25687,20230404-ecoli-Tetracycline_set1_Crop_2_357.tiff,1,1,1,0,0
25705,20230404-ecoli-Tetracycline_set1_Crop_2_375.tiff,0,1,0,0,0
25707,20230404-ecoli-Tetracycline_set1_Crop_2_377.tiff,0,1,0,0,1
25720,20230404-ecoli-Tetracycline_set1_Crop_2_390.tiff,1,1,1,0,0
25866,20230404-ecoli-Tetracycline_set1_Crop_3_75.tiff,1,1,1,0,0
25887,20230404-ecoli-Tetracycline_set1_Crop_3_100.tiff,1,1,1,0,0
25910,20230404-ecoli-Tetracycline_set1_Crop_3_127.tiff,1,1,1,0,0
25935,20230404-ecoli-Tetracycline_set1_Crop_3_152.tiff,1,1,1,0,0
25936,20230404-ecoli-Tetracycline_set1_Crop_3_153.tiff,1,1,1,0,0
25985,20230404-ecoli-Tetracycline_set1_Crop_3_204.tiff,0,0,0,0,0
26039,20230404-ecoli-Tetracycline_set1_Crop_3_258.tiff,1,1,1,0,0
26152,20230404-ecoli-Tetracycline_set1_Crop_3_393.tiff,0,1,0,0,0
26251,20230404-ecoli-Tetracycline_set1_Crop_4_15.tiff,0,1,0,0,0
26363,20230404-ecoli-Tetracycline_set1_Crop_4_132.tiff,1,1,1,0,0
26657,20230404-ecoli-Tetracycline_set1_Crop_4_463.tiff,0,1,0,0,0
26665,20230404-ecoli-Tetracycline_set1_Crop_4_471.tiff,0,1,0,0,0
26758,20230404-ecoli-Tetracycline_set1_Crop_5_72.tiff,0,1,0,0,0
26834,20230404-ecoli-Tetracycline_set1_Crop_5_152.tiff,0,1,0,0,0
26840,20230404-ecoli-Tetracycline_set1_Crop_5_158.tiff,0,1,0,0,0
26873,20230404-ecoli-Tetracycline_set1_Crop_5_192.tiff,0,1,0,0,0
27006,20230404-ecoli-Tetracycline_set1_Crop_5_337.tiff,1,1,1,0,0
27142,20230404-ecoli-Tetracycline_set1_Crop_5_479.tiff,0,1,0,0,0
27182,20230315-ecoli_set-2_Crop_0_22.tiff,0,1,0,0,0
27796,20230315-ecoli_set-2_Crop_1_174.tiff,0,1,0,0,0
27920,20230315-ecoli_set-2_Crop_1_313.tiff,0,1,0,0,0
28008,20230315-ecoli_set-2_Crop_1_403.tiff,0,1,0,0,0
30003,20230315-ecoli_set-1_Crop_0_50.tiff,1,1,0,0,0
30063,20230315-ecoli_set-1_Crop_0_112.tiff,1,1,1,0,0
30103,20230315-ecoli_set-1_Crop_0_153.tiff,1,1,1,0,0
30148,20230315-ecoli_set-1_Crop_0_203.tiff,1,1,0,0,0
30223,20230315-ecoli_set-1_Crop_0_280.tiff,1,1,0,0,0
30287,20230315-ecoli_set-1_Crop_0_348.tiff,1,1,1,0,0
30297,20230315-ecoli_set-1_Crop_0_358.tiff,1,1,1,0,0
30344,20230315-ecoli_set-1_Crop_0_407.tiff,1,1,0,0,0
30432,20230315-ecoli_set-1_Crop_1_2.tiff,1,1,0,0,0
30439,20230315-ecoli_set-1_Crop_1_16.tiff,1,1,1,0,0
30493,20230315-ecoli_set-1_Crop_1_77.tiff,1,1,1,0,0
30511,20230315-ecoli_set-1_Crop_1_96.tiff,1,1,1,0,0
30619,20230315-ecoli_set-1_Crop_1_217.tiff,1,1,0,0,0
30631,20230315-ecoli_set-1_Crop_1_229.tiff,1,1,1,0,0
30822,20230315-ecoli_set-1_Crop_1_447.tiff,1,1,1,0,0
30833,20230315-ecoli_set-1_Crop_1_459.tiff,1,1,0,0,0
30880,20230315-ecoli_set-1_Crop_2_16.tiff,1,1,1,0,0
30911,20230315-ecoli_set-1_Crop_2_50.tiff,1,1,1,0,0
30915,20230315-ecoli_set-1_Crop_2_54.tiff,1,1,0,0,0
30956,20230315-ecoli_set-1_Crop_2_95.tiff,1,1,1,0,0
30995,20230315-ecoli_set-1_Crop_2_137.tiff,1,1,1,0,0
31044,20230315-ecoli_set-1_Crop_2_187.tiff,1,1,1,0,0
31069,20230315-ecoli_set-1_Crop_2_214.tiff,1,1,1,0,0
31074,20230315-ecoli_set-1_Crop_2_219.tiff,1,1,1,0,0
31076,20230315-ecoli_set-1_Crop_2_221.tiff,1,1,0,0,0
31141,20230315-ecoli_set-1_Crop_2_292.tiff,1,1,1,0,0
31183,20230315-ecoli_set-1_Crop_2_337.tiff,1,1,1,0,0
31189,20230315-ecoli_set-1_Crop_2_343.tiff,1,1,1,0,0
31270,20230315-ecoli_set-1_Crop_2_432.tiff,0,1,0,0,0
31284,20230315-ecoli_set-1_Crop_2_447.tiff,1,1,0,0,0
31301,20230315-ecoli_set-1_Crop_2_468.tiff,1,1,1,0,0
31347,20230315-ecoli_set-1_Crop_3_18.tiff,1,1,1,0,0
31371,20230315-ecoli_set-1_Crop_3_52.tiff,1,1,1,0,0
31391,20230315-ecoli_set-1_Crop_3_72.tiff,1,1,1,0,0
31418,20230315-ecoli_set-1_Crop_3_102.tiff,1,1,1,0,0
31435,20230315-ecoli_set-1_Crop_3_121.tiff,1,1,1,0,0
31535,20230315-ecoli_set-1_Crop_3_231.tiff,1,1,1,0,0
31540,20230315-ecoli_set-1_Crop_3_236.tiff,1,1,1,0,0
31567,20230315-ecoli_set-1_Crop_3_272.tiff,1,1,1,0,0
31571,20230315-ecoli_set-1_Crop_3_281.tiff,1,1,1,0,0
31611,20230315-ecoli_set-1_Crop_3_326.tiff,1,1,1,0,0
31842,20230315-ecoli_set-1_Crop_4_88.tiff,0,1,0,0,0
31879,20230315-ecoli_set-1_Crop_4_127.tiff,0,1,0,0,0
32049,20230315-ecoli_set-1_Crop_4_302.tiff,1,1,1,0,0
32129,20230315-ecoli_set-1_Crop_4_385.tiff,0,1,0,0,0
32199,20230315-ecoli_set-1_Crop_4_456.tiff,1,1,1,0,0
32712,20230313-ecoli-chp-2_Crop_0_12.tiff,1,1,0,1,1
32721,20230313-ecoli-chp-2_Crop_0_21.tiff,1,1,0,1,1
32729,20230313-ecoli-chp-2_Crop_0_29.tiff,1,1,0,1,0
32736,20230313-ecoli-chp-2_Crop_0_36.tiff,1,1,0,1,1
32759,20230313-ecoli-chp-2_Crop_0_61.tiff,1,1,0,1,1
32761,20230313-ecoli-chp-2_Crop_0_63.tiff,1,1,0,1,1
32777,20230313-ecoli-chp-2_Crop_0_79.tiff,1,1,0,1,0
32779,20230313-ecoli-chp-2_Crop_0_81.tiff,1,1,0,1,0
32809,20230313-ecoli-chp-2_Crop_0_114.tiff,1,1,0,1,1
32836,20230313-ecoli-chp-2_Crop_0_146.tiff,1,1,0,1,0
32854,20230313-ecoli-chp-2_Crop_0_164.tiff,1,1,0,1,0
32874,20230313-ecoli-chp-2_Crop_0_184.tiff,1,1,0,1,0
32878,20230313-ecoli-chp-2_Crop_0_188.tiff,1,1,0,1,1
32879,20230313-ecoli-chp-2_Crop_0_189.tiff,1,1,0,1,1
32880,20230313-ecoli-chp-2_Crop_0_190.tiff,1,1,0,1,1
32887,20230313-ecoli-chp-2_Crop_0_197.tiff,1,1,0,1,0
32907,20230313-ecoli-chp-2_Crop_0_217.tiff,1,1,0,1,1
32923,20230313-ecoli-chp-2_Crop_0_233.tiff,1,1,0,1,0
32947,20230313-ecoli-chp-2_Crop_0_257.tiff,1,1,0,1,1
32968,20230313-ecoli-chp-2_Crop_0_278.tiff,1,1,0,1,1
32987,20230313-ecoli-chp-2_Crop_0_298.tiff,1,1,0,1,1
32998,20230313-ecoli-chp-2_Crop_0_310.tiff,1,1,0,1,0
33049,20230313-ecoli-chp-2_Crop_0_362.tiff,1,1,0,1,0
33088,20230313-ecoli-chp-2_Crop_0_403.tiff,1,1,0,1,0
33090,20230313-ecoli-chp-2_Crop_0_405.tiff,1,1,0,1,0
33095,20230313-ecoli-chp-2_Crop_0_411.tiff,1,1,0,1,1
33114,20230313-ecoli-chp-2_Crop_0_430.tiff,1,1,0,1,1
33132,20230313-ecoli-chp-2_Crop_0_451.tiff,1,1,0,1,1
33162,20230313-ecoli-chp-2_Crop_0_483.tiff,1,1,0,1,1
33164,20230313-ecoli-chp-2_Crop_0_485.tiff,1,1,0,1,1
33169,20230313-ecoli-chp-2_Crop_0_490.tiff,1,1,0,1,0
33191,20230313-ecoli-chp-2_Crop_1_12.tiff,1,1,0,1,1
33238,20230313-ecoli-chp-2_Crop_1_61.tiff,1,1,0,1,1
33245,20230313-ecoli-chp-2_Crop_1_68.tiff,1,1,0,1,1
33258,20230313-ecoli-chp-2_Crop_1_84.tiff,1,1,0,1,1
33260,20230313-ecoli-chp-2_Crop_1_86.tiff,1,1,0,1,1
33281,20230313-ecoli-chp-2_Crop_1_112.tiff,1,1,0,1,1
33289,20230313-ecoli-chp-2_Crop_1_120.tiff,1,1,0,1,0
33330,20230313-ecoli-chp-2_Crop_1_164.tiff,1,1,0,1,1
33355,20230313-ecoli-chp-2_Crop_1_190.tiff,0,1,0,0,1
33409,20230313-ecoli-chp-2_Crop_1_247.tiff,1,1,0,1,0
33429,20230313-ecoli-chp-2_Crop_1_267.tiff,1,1,0,1,0
33455,20230313-ecoli-chp-2_Crop_1_293.tiff,1,1,0,1,1
33520,20230313-ecoli-chp-2_Crop_1_367.tiff,1,1,0,1,1
33542,20230313-ecoli-chp-2_Crop_1_389.tiff,1,1,0,1,0
33561,20230313-ecoli-chp-2_Crop_1_414.tiff,1,1,0,1,0
33632,20230313-ecoli-chp-2_Crop_1_489.tiff,1,1,0,1,1
33679,20230313-ecoli-chp-2_Crop_2_37.tiff,1,0,0,1,1
33681,20230313-ecoli-chp-2_Crop_2_40.tiff,1,1,0,1,1
33682,20230313-ecoli-chp-2_Crop_2_42.tiff,1,1,0,1,0
33701,20230313-ecoli-chp-2_Crop_2_61.tiff,0,1,0,1,1
33718,20230313-ecoli-chp-2_Crop_2_78.tiff,0,1,0,1,0
33721,20230313-ecoli-chp-2_Crop_2_81.tiff,1,1,0,1,1
33767,20230313-ecoli-chp-2_Crop_2_128.tiff,1,1,0,1,1
33790,20230313-ecoli-chp-2_Crop_2_151.tiff,1,1,0,1,1
33823,20230313-ecoli-chp-2_Crop_2_186.tiff,1,1,0,1,0
33826,20230313-ecoli-chp-2_Crop_2_189.tiff,0,1,0,0,1
33857,20230313-ecoli-chp-2_Crop_2_222.tiff,1,1,0,1,1
33863,20230313-ecoli-chp-2_Crop_2_228.tiff,0,1,0,1,0
33876,20230313-ecoli-chp-2_Crop_2_241.tiff,1,1,0,0,1
33885,20230313-ecoli-chp-2_Crop_2_250.tiff,1,1,0,1,0
33920,20230313-ecoli-chp-2_Crop_2_285.tiff,1,1,0,1,0
33958,20230313-ecoli-chp-2_Crop_2_323.tiff,1,1,0,1,1
33972,20230313-ecoli-chp-2_Crop_2_337.tiff,1,1,0,1,1
34055,20230313-ecoli-chp-2_Crop_2_420.tiff,0,1,0,1,1
34059,20230313-ecoli-chp-2_Crop_2_424.tiff,1,1,0,1,1
34113,20230313-ecoli-chp-2_Crop_2_485.tiff,1,1,1,1,1
34122,20230313-ecoli-chp-2_Crop_2_497.tiff,1,1,0,1,1
34135,20230313-ecoli-chp-2_Crop_3_12.tiff,1,1,0,1,0
34170,20230313-ecoli-chp-2_Crop_3_48.tiff,0,1,0,1,0
34177,20230313-ecoli-chp-2_Crop_3_55.tiff,1,1,0,0,1
34181,20230313-ecoli-chp-2_Crop_3_59.tiff,1,1,0,1,1
34182,20230313-ecoli-chp-2_Crop_3_62.tiff,1,1,0,0,1
34215,20230313-ecoli-chp-2_Crop_3_99.tiff,1,1,0,1,1
34252,20230313-ecoli-chp-2_Crop_3_142.tiff,1,1,0,1,1
34253,20230313-ecoli-chp-2_Crop_3_143.tiff,1,1,0,1,1
34283,20230313-ecoli-chp-2_Crop_3_173.tiff,1,1,0,1,1
34384,20230313-ecoli-chp-2_Crop_3_280.tiff,1,1,0,1,1
34394,20230313-ecoli-chp-2_Crop_3_290.tiff,0,1,0,1,1
34408,20230313-ecoli-chp-2_Crop_3_305.tiff,1,1,1,0,1
34436,20230313-ecoli-chp-2_Crop_3_333.tiff,1,1,0,1,1
34458,20230313-ecoli-chp-2_Crop_3_355.tiff,1,1,0,0,1
34467,20230313-ecoli-chp-2_Crop_3_364.tiff,0,1,0,0,1
34500,20230313-ecoli-chp-2_Crop_3_397.tiff,1,1,0,0,1
34501,20230313-ecoli-chp-2_Crop_3_398.tiff,1,1,0,0,1
34502,20230313-ecoli-chp-2_Crop_3_399.tiff,0,1,0,1,0
34507,20230313-ecoli-chp-2_Crop_3_404.tiff,0,1,0,1,0
34510,20230313-ecoli-chp-2_Crop_3_407.tiff,0,1,0,0,1
34537,20230313-ecoli-chp-2_Crop_3_436.tiff,0,1,0,0,0
34546,20230313-ecoli-chp-2_Crop_3_447.tiff,1,1,0,0,1
34587,20230313-ecoli-chp-2_Crop_3_493.tiff,1,1,0,0,1
34644,20230313-ecoli-chp-2_Crop_4_56.tiff,0,1,0,1,0
34651,20230313-ecoli-chp-2_Crop_4_63.tiff,1,1,0,0,1
34661,20230313-ecoli-chp-2_Crop_4_73.tiff,1,1,0,1,0
34710,20230313-ecoli-chp-2_Crop_4_126.tiff,1,1,0,1,1
34750,20230313-ecoli-chp-2_Crop_4_169.tiff,1,1,0,0,1
34767,20230313-ecoli-chp-2_Crop_4_186.tiff,1,1,0,1,1
34790,20230313-ecoli-chp-2_Crop_4_209.tiff,1,1,0,1,0
34808,20230313-ecoli-chp-2_Crop_4_227.tiff,0,1,0,1,0
34866,20230313-ecoli-chp-2_Crop_4_287.tiff,1,1,0,1,1
34907,20230313-ecoli-chp-2_Crop_4_331.tiff,1,1,0,0,1
34922,20230313-ecoli-chp-2_Crop_4_348.tiff,0,1,0,0,0
34927,20230313-ecoli-chp-2_Crop_4_353.tiff,0,1,0,0,0
34937,20230313-ecoli-chp-2_Crop_4_363.tiff,0,1,0,1,1
34961,20230313-ecoli-chp-2_Crop_4_390.tiff,1,1,0,1,1
34990,20230313-ecoli-chp-2_Crop_4_420.tiff,1,1,0,1,1
35025,20230313-ecoli-chp-2_Crop_4_458.tiff,1,1,0,1,1
35057,20230313-ecoli-chp-2_Crop_4_490.tiff,1,1,0,1,0
35197,20230313-ecoli-chp-2_Crop_5_145.tiff,0,1,0,1,0
35201,20230313-ecoli-chp-2_Crop_5_149.tiff,0,1,0,1,0
35227,20230313-ecoli-chp-2_Crop_5_176.tiff,0,0,0,1,0
35304,20230313-ecoli-chp-2_Crop_5_256.tiff,0,1,0,1,0
35317,20230313-ecoli-chp-2_Crop_5_269.tiff,0,1,0,0,0
35399,20230313-ecoli-chp-2_Crop_5_353.tiff,0,0,0,1,0
35465,20230313-ecoli-chp-2_Crop_5_422.tiff,0,1,0,1,0
35469,20230313-ecoli-chp-2_Crop_5_426.tiff,0,1,1,0,0
35500,20230313-ecoli-chp-2_Crop_5_457.tiff,0,1,0,0,0
35543,20230313-ecoli-chp-1_Crop_0_3.tiff,1,1,1,0,0
35601,20230313-ecoli-chp-1_Crop_0_67.tiff,0,0,0,0,0
35639,20230313-ecoli-chp-1_Crop_0_106.tiff,1,1,1,0,0
35861,20230313-ecoli-chp-1_Crop_0_335.tiff,1,1,0,0,0
35950,20230313-ecoli-chp-1_Crop_0_429.tiff,1,1,0,0,0
36077,20230313-ecoli-chp-1_Crop_1_73.tiff,1,1,0,0,0
36308,20230313-ecoli-chp-1_Crop_1_341.tiff,1,1,0,0,0
36408,20230313-ecoli-chp-1_Crop_1_454.tiff,1,1,0,0,0
36437,20230313-ecoli-chp-1_Crop_1_484.tiff,1,1,0,0,0
36440,20230313-ecoli-chp-1_Crop_1_487.tiff,1,1,0,0,0
36578,20230313-ecoli-chp-1_Crop_2_142.tiff,1,1,0,0,0
36820,20230313-ecoli-chp-1_Crop_2_389.tiff,1,1,0,0,0
36952,20230313-ecoli-chp-1_Crop_3_34.tiff,1,1,0,1,0
36979,20230313-ecoli-chp-1_Crop_3_63.tiff,1,1,0,0,0
36993,20230313-ecoli-chp-1_Crop_3_77.tiff,1,1,0,1,1
37042,20230313-ecoli-chp-1_Crop_3_132.tiff,1,1,0,0,0
37047,20230313-ecoli-chp-1_Crop_3_137.tiff,1,1,0,0,0
37070,20230313-ecoli-chp-1_Crop_3_160.tiff,1,1,0,0,0
37205,20230313-ecoli-chp-1_Crop_3_299.tiff,1,1,0,0,0
37333,20230313-ecoli-chp-1_Crop_3_433.tiff,1,1,0,0,0
37363,20230313-ecoli-chp-1_Crop_3_470.tiff,1,1,0,1,0
37378,20230313-ecoli-chp-1_Crop_3_487.tiff,1,1,0,0,0
37383,20230313-ecoli-chp-1_Crop_3_495.tiff,1,1,0,1,0
37390,20230313-ecoli-chp-1_Crop_4_4.tiff,1,1,0,1,1
37401,20230313-ecoli-chp-1_Crop_4_15.tiff,1,1,0,1,1
37413,20230313-ecoli-chp-1_Crop_4_27.tiff,1,1,0,1,1
37415,20230313-ecoli-chp-1_Crop_4_29.tiff,1,1,0,1,1
37469,20230313-ecoli-chp-1_Crop_4_85.tiff,1,1,0,1,0
37492,20230313-ecoli-chp-1_Crop_4_108.tiff,1,1,0,1,0
37501,20230313-ecoli-chp-1_Crop_4_117.tiff,1,1,1,1,1
37678,20230313-ecoli-chp-1_Crop_4_294.tiff,1,1,0,0,0
37766,20230313-ecoli-chp-1_Crop_4_384.tiff,1,1,0,1,0
37767,20230313-ecoli-chp-1_Crop_4_385.tiff,0,0,1,1,0
37802,20230313-ecoli-chp-1_Crop_4_421.tiff,1,1,0,1,0
37865,20230313-ecoli-chp-1_Crop_4_486.tiff,1,1,0,1,0
37879,20230313-ecoli-chp-1_Crop_5_3.tiff,1,1,0,1,1
37961,20230313-ecoli-chp-1_Crop_5_119.tiff,1,1,1,1,1
37994,20230313-ecoli-chp-1_Crop_5_169.tiff,1,1,0,1,0
37996,20230313-ecoli-chp-1_Crop_5_171.tiff,1,1,0,1,0
38004,20230313-ecoli-chp-1_Crop_5_193.tiff,1,1,1,1,1
38036,20230313-ecoli-chp-1_Crop_5_246.tiff,1,1,0,1,0
38066,20230313-ecoli-chp-1_Crop_5_310.tiff,1,1,0,1,0
38084,20230313-ecoli-chp-1_Crop_5_328.tiff,1,1,0,1,0
38106,20230313-ecoli-chp-1_Crop_5_367.tiff,1,1,0,1,0
38107,20230313-ecoli-chp-1_Crop_5_385.tiff,1,1,0,1,0
38109,20230313-ecoli-chp-1_Crop_5_387.tiff,0,1,0,0,0
38137,20230313-ecoli-chp-1_Crop_5_433.tiff,1,1,0,0,1
38176,20230313-ecoli-chp-1_Crop_5_489.tiff,1,1,0,1,1
38186,20230221-ecoli-chp-1_Crop_0_11.tiff,1,1,1,1,0
38333,20230221-ecoli-chp-1_Crop_0_172.tiff,1,1,0,0,0
38390,20230221-ecoli-chp-1_Crop_0_232.tiff,1,1,1,1,0
38410,20230221-ecoli-chp-1_Crop_0_252.tiff,1,1,0,1,0
38501,20230221-ecoli-chp-1_Crop_0_358.tiff,1,1,0,0,0
38549,20230221-ecoli-chp-1_Crop_0_414.tiff,1,1,0,1,0
38609,20230221-ecoli-chp-1_Crop_0_483.tiff,0,1,0,0,0
38617,20230221-ecoli-chp-1_Crop_0_491.tiff,1,1,1,1,0
38618,20230221-ecoli-chp-1_Crop_0_492.tiff,1,1,1,1,0
38621,20230221-ecoli-chp-1_Crop_0_495.tiff,0,1,1,1,0
38704,20230221-ecoli-chp-1_Crop_1_81.tiff,1,1,1,0,0
38971,20230221-ecoli-chp-1_Crop_1_363.tiff,1,1,1,0,0
39002,20230221-ecoli-chp-1_Crop_1_395.tiff,0,0,0,0,0
39061,20230221-ecoli-chp-1_Crop_1_458.tiff,1,1,1,0,0
39071,20230221-ecoli-chp-1_Crop_1_469.tiff,1,1,1,0,0
39162,20230221-ecoli-chp-1_Crop_2_65.tiff,1,1,0,0,0
39189,20230221-ecoli-chp-1_Crop_2_92.tiff,0,0,0,0,0
39354,20230221-ecoli-chp-1_Crop_2_260.tiff,0,1,0,0,0
39536,20230221-ecoli-chp-1_Crop_2_448.tiff,0,0,0,0,0
39684,20230221-ecoli-chp-1_Crop_3_104.tiff,1,1,0,0,0
39713,20230221-ecoli-chp-1_Crop_3_133.tiff,1,1,1,0,0
39824,20230221-ecoli-chp-1_Crop_3_244.tiff,0,0,0,0,0
39879,20230221-ecoli-chp-1_Crop_3_302.tiff,1,1,0,0,0
39999,20230221-ecoli-chp-1_Crop_3_430.tiff,0,1,0,0,0
40042,20230221-ecoli-chp-1_Crop_3_477.tiff,1,1,1,0,0
40219,20230221-ecoli-chp-1_Crop_4_173.tiff,1,1,0,0,0
40548,20230221-ecoli-chp-1_Crop_5_23.tiff,1,1,1,1,0
40550,20230221-ecoli-chp-1_Crop_5_25.tiff,1,1,1,1,0
40597,20230221-ecoli-chp-1_Crop_5_79.tiff,1,1,1,1,0
40715,20230221-ecoli-chp-1_Crop_5_205.tiff,1,1,0,0,0
40740,20230221-ecoli-chp-1_Crop_5_230.tiff,1,1,0,1,1
40761,20230221-ecoli-chp-1_Crop_5_252.tiff,1,1,0,0,0
40854,20230221-ecoli-chp-1_Crop_5_353.tiff,1,1,0,0,0
40897,20230221-ecoli-chp-1_Crop_5_400.tiff,1,1,0,1,0
40903,20230221-ecoli-chp-1_Crop_5_407.tiff,1,1,0,1,0
40962,20230221-ecoli-chp-1_Crop_5_476.tiff,1,1,1,1,1
40974,20230221-ecoli-chp-1_Crop_5_490.tiff,1,1,1,1,0
40978,20230221-ecoli-chp-1_Crop_5_494.tiff,1,1,1,1,0
40999,20230111-ecoli-chp-2_Crop_0_21.tiff,1,1,0,1,1
41072,20230111-ecoli-chp-2_Crop_0_112.tiff,1,1,0,0,0
41106,20230111-ecoli-chp-2_Crop_0_149.tiff,1,1,0,0,0
41127,20230111-ecoli-chp-2_Crop_0_172.tiff,1,1,0,0,0
41205,20230111-ecoli-chp-2_Crop_0_254.tiff,1,1,0,0,0
41246,20230111-ecoli-chp-2_Crop_0_298.tiff,1,1,0,0,1
41411,20230111-ecoli-chp-2_Crop_0_488.tiff,1,1,0,1,0
41412,20230111-ecoli-chp-2_Crop_0_489.tiff,1,1,0,1,0
41458,20230111-ecoli-chp-2_Crop_1_63.tiff,1,1,0,1,0
41463,20230111-ecoli-chp-2_Crop_1_68.tiff,1,1,0,1,0
41512,20230111-ecoli-chp-2_Crop_1_142.tiff,1,1,0,1,1
41588,20230111-ecoli-chp-2_Crop_1_259.tiff,1,1,0,1,0
41640,20230111-ecoli-chp-2_Crop_1_336.tiff,1,1,0,0,0
41649,20230111-ecoli-chp-2_Crop_1_360.tiff,1,1,0,1,0
41655,20230111-ecoli-chp-2_Crop_1_366.tiff,1,1,0,1,0
41678,20230111-ecoli-chp-2_Crop_1_405.tiff,1,1,0,1,0
41694,20230111-ecoli-chp-2_Crop_1_437.tiff,1,1,0,1,0
41719,20230111-ecoli-chp-2_Crop_1_470.tiff,1,1,0,1,0
41799,20230111-ecoli-chp-2_Crop_2_71.tiff,1,1,0,1,0
41809,20230111-ecoli-chp-2_Crop_2_82.tiff,1,1,0,0,1
41813,20230111-ecoli-chp-2_Crop_2_86.tiff,1,1,0,1,1
41817,20230111-ecoli-chp-2_Crop_2_90.tiff,1,1,0,1,0
41822,20230111-ecoli-chp-2_Crop_2_95.tiff,1,1,0,1,1
41827,20230111-ecoli-chp-2_Crop_2_102.tiff,1,1,0,1,1
41829,20230111-ecoli-chp-2_Crop_2_104.tiff,1,1,0,1,0
41839,20230111-ecoli-chp-2_Crop_2_117.tiff,1,1,0,1,1
41840,20230111-ecoli-chp-2_Crop_2_118.tiff,1,1,0,1,1
41848,20230111-ecoli-chp-2_Crop_2_126.tiff,1,1,0,1,1
41858,20230111-ecoli-chp-2_Crop_2_136.tiff,1,1,0,1,1
41871,20230111-ecoli-chp-2_Crop_2_149.tiff,1,1,0,0,0
41877,20230111-ecoli-chp-2_Crop_2_157.tiff,1,1,0,1,0
41880,20230111-ecoli-chp-2_Crop_2_160.tiff,1,1,0,1,1
41881,20230111-ecoli-chp-2_Crop_2_161.tiff,1,1,0,1,0
41939,20230111-ecoli-chp-2_Crop_2_227.tiff,1,1,0,1,1
41948,20230111-ecoli-chp-2_Crop_2_238.tiff,1,1,0,1,1
41985,20230111-ecoli-chp-2_Crop_2_277.tiff,1,1,0,1,1
41988,20230111-ecoli-chp-2_Crop_2_280.tiff,1,1,0,1,1
41990,20230111-ecoli-chp-2_Crop_2_282.tiff,1,1,0,1,1
41991,20230111-ecoli-chp-2_Crop_2_283.tiff,1,1,0,0,1
41992,20230111-ecoli-chp-2_Crop_2_284.tiff,1,1,0,1,0
41995,20230111-ecoli-chp-2_Crop_2_287.tiff,1,1,0,1,1
42026,20230111-ecoli-chp-2_Crop_2_321.tiff,1,1,0,1,0
42034,20230111-ecoli-chp-2_Crop_2_330.tiff,1,1,0,1,0
42070,20230111-ecoli-chp-2_Crop_2_380.tiff,1,1,0,1,0
42089,20230111-ecoli-chp-2_Crop_2_400.tiff,1,1,0,1,1
42106,20230111-ecoli-chp-2_Crop_2_420.tiff,1,1,0,1,1
42174,20230111-ecoli-chp-2_Crop_3_9.tiff,1,1,1,1,1
42181,20230111-ecoli-chp-2_Crop_3_16.tiff,1,1,0,1,1
42194,20230111-ecoli-chp-2_Crop_3_29.tiff,1,1,1,1,1
42209,20230111-ecoli-chp-2_Crop_3_46.tiff,1,1,0,0,1
42283,20230111-ecoli-chp-2_Crop_3_126.tiff,1,1,1,1,1
42289,20230111-ecoli-chp-2_Crop_3_132.tiff,1,1,0,1,1
42332,20230111-ecoli-chp-2_Crop_3_183.tiff,1,1,0,1,1
42383,20230111-ecoli-chp-2_Crop_3_244.tiff,1,1,0,1,0
42397,20230111-ecoli-chp-2_Crop_3_258.tiff,1,1,0,1,1
42412,20230111-ecoli-chp-2_Crop_3_273.tiff,1,1,0,1,1
42415,20230111-ecoli-chp-2_Crop_3_276.tiff,1,1,0,1,1
42473,20230111-ecoli-chp-2_Crop_3_338.tiff,1,1,0,0,1
42488,20230111-ecoli-chp-2_Crop_3_355.tiff,1,1,0,1,1
42492,20230111-ecoli-chp-2_Crop_3_359.tiff,1,1,0,1,1
42528,20230111-ecoli-chp-2_Crop_3_402.tiff,1,1,0,1,1
42605,20230111-ecoli-chp-2_Crop_3_493.tiff,1,1,0,0,1
42610,20230111-ecoli-chp-2_Crop_3_499.tiff,1,1,0,1,0
42629,20230111-ecoli-chp-2_Crop_4_20.tiff,1,1,0,0,1
42630,20230111-ecoli-chp-2_Crop_4_21.tiff,1,1,1,1,1
42640,20230111-ecoli-chp-2_Crop_4_31.tiff,1,0,1,0,1
42644,20230111-ecoli-chp-2_Crop_4_40.tiff,1,1,1,0,1
42649,20230111-ecoli-chp-2_Crop_4_45.tiff,1,1,1,0,0
42650,20230111-ecoli-chp-2_Crop_4_46.tiff,1,1,0,1,1
42655,20230111-ecoli-chp-2_Crop_4_51.tiff,1,1,0,1,1
42658,20230111-ecoli-chp-2_Crop_4_54.tiff,1,1,1,1,1
42670,20230111-ecoli-chp-2_Crop_4_68.tiff,1,1,0,1,1
42671,20230111-ecoli-chp-2_Crop_4_69.tiff,1,1,0,1,1
42679,20230111-ecoli-chp-2_Crop_4_78.tiff,1,1,0,1,1
42686,20230111-ecoli-chp-2_Crop_4_85.tiff,1,1,1,1,1
42696,20230111-ecoli-chp-2_Crop_4_96.tiff,1,1,1,1,1
42705,20230111-ecoli-chp-2_Crop_4_105.tiff,1,1,0,1,1
42727,20230111-ecoli-chp-2_Crop_4_130.tiff,1,1,0,1,1
42729,20230111-ecoli-chp-2_Crop_4_132.tiff,1,1,0,1,1
42730,20230111-ecoli-chp-2_Crop_4_133.tiff,1,1,0,1,0
42749,20230111-ecoli-chp-2_Crop_4_156.tiff,1,1,0,1,1
42765,20230111-ecoli-chp-2_Crop_4_172.tiff,1,1,0,1,1
42773,20230111-ecoli-chp-2_Crop_4_181.tiff,1,1,1,1,1
42777,20230111-ecoli-chp-2_Crop_4_185.tiff,1,1,0,1,1
42791,20230111-ecoli-chp-2_Crop_4_201.tiff,1,1,0,1,1
42802,20230111-ecoli-chp-2_Crop_4_212.tiff,1,1,0,1,1
42806,20230111-ecoli-chp-2_Crop_4_216.tiff,1,1,0,1,1
42823,20230111-ecoli-chp-2_Crop_4_234.tiff,1,1,0,1,1
42870,20230111-ecoli-chp-2_Crop_4_282.tiff,1,1,0,1,1
42876,20230111-ecoli-chp-2_Crop_4_288.tiff,1,1,0,1,1
42886,20230111-ecoli-chp-2_Crop_4_298.tiff,1,1,0,1,1
42891,20230111-ecoli-chp-2_Crop_4_303.tiff,1,1,0,1,1
42895,20230111-ecoli-chp-2_Crop_4_307.tiff,1,1,0,1,0
42900,20230111-ecoli-chp-2_Crop_4_313.tiff,1,1,0,1,1
42926,20230111-ecoli-chp-2_Crop_4_339.tiff,1,1,0,1,1
42935,20230111-ecoli-chp-2_Crop_4_350.tiff,1,1,0,1,1
42952,20230111-ecoli-chp-2_Crop_4_370.tiff,1,1,0,1,1
42954,20230111-ecoli-chp-2_Crop_4_372.tiff,1,1,0,1,1
42955,20230111-ecoli-chp-2_Crop_4_373.tiff,1,1,0,1,1
42956,20230111-ecoli-chp-2_Crop_4_374.tiff,1,1,0,1,1
42980,20230111-ecoli-chp-2_Crop_4_399.tiff,1,1,0,1,1
43054,20230111-ecoli-chp-2_Crop_4_478.tiff,1,1,0,1,1
43059,20230111-ecoli-chp-2_Crop_4_485.tiff,1,1,1,1,1
43066,20230111-ecoli-chp-2_Crop_4_494.tiff,0,0,1,0,1
43074,20230111-ecoli-chp-2_Crop_5_5.tiff,0,1,0,1,0
43076,20230111-ecoli-chp-2_Crop_5_7.tiff,0,1,0,1,1
43135,20230111-ecoli-chp-2_Crop_5_75.tiff,1,1,0,1,0
43136,20230111-ecoli-chp-2_Crop_5_76.tiff,0,1,0,1,0
43213,20230111-ecoli-chp-2_Crop_5_158.tiff,1,1,0,1,1
43228,20230111-ecoli-chp-2_Crop_5_177.tiff,1,1,0,1,1
43235,20230111-ecoli-chp-2_Crop_5_186.tiff,1,1,0,1,1
43250,20230111-ecoli-chp-2_Crop_5_206.tiff,1,1,0,0,1
43263,20230111-ecoli-chp-2_Crop_5_220.tiff,0,1,0,1,1
43269,20230111-ecoli-chp-2_Crop_5_227.tiff,1,1,0,1,1
43275,20230111-ecoli-chp-2_Crop_5_234.tiff,0,1,0,0,1
43295,20230111-ecoli-chp-2_Crop_5_255.tiff,1,1,0,0,1
43297,20230111-ecoli-chp-2_Crop_5_257.tiff,1,1,0,1,1
43323,20230111-ecoli-chp-2_Crop_5_284.tiff,1,1,0,1,1
43343,20230111-ecoli-chp-2_Crop_5_305.tiff,1,1,1,0,1
43373,20230111-ecoli-chp-2_Crop_5_338.tiff,1,1,0,0,1
43375,20230111-ecoli-chp-2_Crop_5_340.tiff,1,1,1,1,1
43385,20230111-ecoli-chp-2_Crop_5_351.tiff,0,0,0,1,1
43434,20230111-ecoli-chp-2_Crop_5_404.tiff,1,1,0,1,1
43457,20230111-ecoli-chp-2_Crop_5_432.tiff,1,1,0,0,1
43458,20230111-ecoli-chp-2_Crop_5_433.tiff,1,1,0,1,1
43459,20230111-ecoli-chp-2_Crop_5_435.tiff,0,1,0,0,1
43475,20230111-ecoli-chp-2_Crop_5_453.tiff,1,1,0,0,1
43478,20230111-ecoli-chp-2_Crop_5_456.tiff,0,1,0,1,1
43492,20230111-ecoli-chp-2_Crop_5_477.tiff,0,1,0,0,0
43507,20230111-ecoli-chp-2_Crop_5_494.tiff,1,1,1,1,0
43761,20230111-ecoli-chp_Crop_0_270.tiff,1,1,0,0,0
43797,20230111-ecoli-chp_Crop_0_307.tiff,1,1,1,0,0
44116,20230111-ecoli-chp_Crop_1_144.tiff,1,1,0,0,0
44181,20230111-ecoli-chp_Crop_1_222.tiff,1,1,0,0,0
44250,20230111-ecoli-chp_Crop_1_300.tiff,1,1,0,1,0
44285,20230111-ecoli-chp_Crop_1_335.tiff,1,1,0,0,0
44303,20230111-ecoli-chp_Crop_1_356.tiff,1,1,0,0,0
44362,20230111-ecoli-chp_Crop_1_421.tiff,1,1,0,0,0
44450,20230111-ecoli-chp_Crop_2_13.tiff,1,1,0,1,0
44622,20230111-ecoli-chp_Crop_2_201.tiff,1,1,0,0,0
44745,20230111-ecoli-chp_Crop_2_333.tiff,1,1,0,0,0
44762,20230111-ecoli-chp_Crop_2_355.tiff,1,1,0,0,0
44875,20230111-ecoli-chp_Crop_2_477.tiff,1,1,0,0,0
45036,20230111-ecoli-chp_Crop_3_156.tiff,1,1,0,0,0
45098,20230111-ecoli-chp_Crop_3_219.tiff,1,1,0,0,0
45135,20230111-ecoli-chp_Crop_3_258.tiff,1,1,0,0,0
45219,20230111-ecoli-chp_Crop_3_348.tiff,1,1,0,0,0
45241,20230111-ecoli-chp_Crop_3_370.tiff,1,1,0,0,0
45285,20230111-ecoli-chp_Crop_3_416.tiff,1,1,0,0,0
45290,20230111-ecoli-chp_Crop_3_421.tiff,1,1,0,0,0
45428,20230111-ecoli-chp_Crop_4_67.tiff,1,1,0,0,0
45495,20230111-ecoli-chp_Crop_4_141.tiff,1,1,0,0,0
45502,20230111-ecoli-chp_Crop_4_148.tiff,1,1,0,0,0
45518,20230111-ecoli-chp_Crop_4_167.tiff,1,1,0,0,0
45519,20230111-ecoli-chp_Crop_4_168.tiff,1,1,0,0,0
45588,20230111-ecoli-chp_Crop_4_246.tiff,1,1,0,0,0
45635,20230111-ecoli-chp_Crop_4_299.tiff,1,1,0,0,0
45825,20230111-ecoli-chp_Crop_5_14.tiff,1,1,0,0,0
45922,20230111-ecoli-chp_Crop_5_119.tiff,1,1,0,0,0
46149,20230111-ecoli-chp_Crop_5_371.tiff,1,1,0,0,0
46167,20230111-ecoli-chp_Crop_5_390.tiff,1,1,0,0,0
46172,20230111-ecoli-chp_Crop_5_395.tiff,1,1,0,0,0
46269,20230111-ecoli-chp_Crop_5_499.tiff,1,1,1,0,0
46273,20221122-ecoli-chp_Crop_0_9.tiff,1,1,1,0,0
46425,20221122-ecoli-chp_Crop_0_179.tiff,1,1,1,0,0
46462,20221122-ecoli-chp_Crop_0_217.tiff,1,1,0,0,0
46517,20221122-ecoli-chp_Crop_0_280.tiff,1,1,1,0,0
46583,20221122-ecoli-chp_Crop_0_349.tiff,1,1,1,0,0
46694,20221122-ecoli-chp_Crop_0_466.tiff,1,1,0,0,0
46704,20221122-ecoli-chp_Crop_0_476.tiff,1,1,1,0,0
46767,20221122-ecoli-chp_Crop_1_41.tiff,1,1,0,0,0
46827,20221122-ecoli-chp_Crop_1_102.tiff,1,1,0,0,0
46868,20221122-ecoli-chp_Crop_1_145.tiff,1,1,0,0,0
46890,20221122-ecoli-chp_Crop_1_171.tiff,1,1,0,0,0
47113,20221122-ecoli-chp_Crop_1_422.tiff,1,1,1,0,0
47157,20221122-ecoli-chp_Crop_1_468.tiff,1,1,1,0,0
47215,20221122-ecoli-chp_Crop_2_41.tiff,1,1,0,0,0
47347,20221122-ecoli-chp_Crop_2_185.tiff,1,1,0,0,0
47506,20221122-ecoli-chp_Crop_2_354.tiff,1,1,0,0,0
47615,20221122-ecoli-chp_Crop_2_474.tiff,1,1,0,0,0
47764,20221122-ecoli-chp_Crop_3_138.tiff,1,1,0,0,0
47945,20221122-ecoli-chp_Crop_3_357.tiff,1,1,0,0,0
47946,20221122-ecoli-chp_Crop_3_358.tiff,1,1,0,0,1
48131,20221122-ecoli-chp_Crop_4_58.tiff,1,1,0,1,0
48155,20221122-ecoli-chp_Crop_4_85.tiff,1,1,0,1,0
48176,20221122-ecoli-chp_Crop_4_106.tiff,1,1,0,0,1
48224,20221122-ecoli-chp_Crop_4_156.tiff,1,1,0,1,0
48316,20221122-ecoli-chp_Crop_4_252.tiff,1,1,0,1,0
48326,20221122-ecoli-chp_Crop_4_262.tiff,1,1,0,1,0
48370,20221122-ecoli-chp_Crop_4_308.tiff,0,0,0,1,0
48510,20221122-ecoli-chp_Crop_4_455.tiff,1,1,0,1,0
48518,20221122-ecoli-chp_Crop_4_464.tiff,1,1,0,1,1
48530,20221122-ecoli-chp_Crop_4_476.tiff,1,1,0,1,0
48536,20221122-ecoli-chp_Crop_4_482.tiff,1,1,0,1,0
48579,20221122-ecoli-chp_Crop_5_33.tiff,0,1,0,0,0
48606,20221122-ecoli-chp_Crop_5_63.tiff,0,1,0,1,0
48653,20221122-ecoli-chp_Crop_5_113.tiff,0,1,0,0,0
48723,20221122-ecoli-chp_Crop_5_189.tiff,0,1,0,1,0
48839,20221122-ecoli-chp_Crop_5_317.tiff,0,0,0,0,0
48853,20221122-ecoli-chp_Crop_5_332.tiff,0,1,0,1,0
48933,20221122-ecoli-chp_Crop_5_419.tiff,0,1,0,0,0
48998,20221122-ecoli-chp_Crop_5_489.tiff,0,1,0,0,0
49024,20221031-ecoli-chp2_Crop_0_19.tiff,1,1,1,0,0
49069,20221031-ecoli-chp2_Crop_0_70.tiff,1,1,1,0,0
49313,20221031-ecoli-chp2_Crop_0_353.tiff,1,1,1,0,0
49396,20221031-ecoli-chp2_Crop_0_442.tiff,1,1,1,0,0
49421,20221031-ecoli-chp2_Crop_0_469.tiff,1,1,1,0,0
49424,20221031-ecoli-chp2_Crop_0_472.tiff,1,1,1,0,0
49458,20221031-ecoli-chp2_Crop_1_13.tiff,1,1,0,1,1
49468,20221031-ecoli-chp2_Crop_1_23.tiff,1,1,0,1,1
49473,20221031-ecoli-chp2_Crop_1_28.tiff,1,1,1,1,0
49495,20221031-ecoli-chp2_Crop_1_55.tiff,1,1,0,1,0
49564,20221031-ecoli-chp2_Crop_1_134.tiff,1,1,0,1,1
49614,20221031-ecoli-chp2_Crop_1_188.tiff,1,1,0,1,0
49642,20221031-ecoli-chp2_Crop_1_218.tiff,1,1,0,0,0
49669,20221031-ecoli-chp2_Crop_1_247.tiff,1,1,0,1,0
49690,20221031-ecoli-chp2_Crop_1_272.tiff,1,1,0,1,1
49695,20221031-ecoli-chp2_Crop_1_277.tiff,1,1,0,1,0
49765,20221031-ecoli-chp2_Crop_1_353.tiff,1,1,0,1,0
49832,20221031-ecoli-chp2_Crop_1_424.tiff,1,1,0,1,1
49869,20221031-ecoli-chp2_Crop_1_463.tiff,0,1,0,0,0
49896,20221031-ecoli-chp2_Crop_1_490.tiff,1,1,0,1,0
49924,20221031-ecoli-chp2_Crop_2_30.tiff,0,1,0,1,0
49959,20221031-ecoli-chp2_Crop_2_73.tiff,1,1,0,1,1
49997,20221031-ecoli-chp2_Crop_2_122.tiff,1,1,0,1,1
50078,20221031-ecoli-chp2_Crop_2_211.tiff,0,1,0,0,0
50120,20221031-ecoli-chp2_Crop_2_257.tiff,0,1,0,1,0
50124,20221031-ecoli-chp2_Crop_2_261.tiff,0,0,0,1,0
50159,20221031-ecoli-chp2_Crop_2_302.tiff,0,1,0,1,0
50258,20221031-ecoli-chp2_Crop_2_413.tiff,1,1,0,1,1
50295,20221031-ecoli-chp2_Crop_2_454.tiff,0,1,0,0,0
50316,20221031-ecoli-chp2_Crop_2_486.tiff,0,1,0,0,0
50323,20221031-ecoli-chp2_Crop_2_493.tiff,0,1,0,0,0
50348,20221031-ecoli-chp2_Crop_3_24.tiff,0,1,0,1,0
50386,20221031-ecoli-chp2_Crop_3_67.tiff,0,1,0,0,0
50424,20221031-ecoli-chp2_Crop_3_107.tiff,0,0,0,1,0
50521,20221031-ecoli-chp2_Crop_3_210.tiff,0,1,0,0,0
50528,20221031-ecoli-chp2_Crop_3_217.tiff,0,0,0,1,0
50545,20221031-ecoli-chp2_Crop_3_235.tiff,0,1,0,0,0
50633,20221031-ecoli-chp2_Crop_3_331.tiff,0,1,0,1,1
50637,20221031-ecoli-chp2_Crop_3_335.tiff,0,1,0,1,0
50681,20221031-ecoli-chp2_Crop_3_386.tiff,0,0,0,1,0
50690,20221031-ecoli-chp2_Crop_3_396.tiff,0,0,0,1,0
50697,20221031-ecoli-chp2_Crop_3_403.tiff,0,1,0,1,0
50743,20221031-ecoli-chp2_Crop_3_452.tiff,0,1,0,0,0
50764,20221031-ecoli-chp2_Crop_3_486.tiff,0,1,0,0,0
50938,20221031-ecoli-chp2_Crop_4_172.tiff,0,0,0,1,0
50977,20221031-ecoli-chp2_Crop_4_217.tiff,0,0,0,1,0
50979,20221031-ecoli-chp2_Crop_4_219.tiff,0,1,0,0,0
50988,20221031-ecoli-chp2_Crop_4_228.tiff,0,1,0,1,0
51047,20221031-ecoli-chp2_Crop_4_296.tiff,0,1,0,1,0
51070,20221031-ecoli-chp2_Crop_4_320.tiff,0,1,0,1,0
51262,20221031-ecoli-chp2_Crop_5_32.tiff,0,1,0,1,0
51273,20221031-ecoli-chp2_Crop_5_44.tiff,0,1,0,0,0
51307,20221031-ecoli-chp2_Crop_5_80.tiff,0,0,1,0,0
51341,20221031-ecoli-chp2_Crop_5_117.tiff,0,1,0,1,0
51352,20221031-ecoli-chp2_Crop_5_129.tiff,0,1,0,0,0
51415,20221031-ecoli-chp2_Crop_5_195.tiff,0,0,0,1,0
51507,20221031-ecoli-chp2_Crop_5_288.tiff,0,1,0,0,0
51540,20221031-ecoli-chp2_Crop_5_323.tiff,0,1,0,1,0
51589,20221031-ecoli-chp2_Crop_5_373.tiff,0,1,0,1,0
51615,20221031-ecoli-chp2_Crop_5_399.tiff,0,1,0,0,0
51649,20221031-ecoli-chp2_Crop_5_434.tiff,0,0,0,0,0
51681,20221031-ecoli-chp2_Crop_5_469.tiff,0,0,0,0,0
51750,20221031-ecoli-chp1_Crop_0_45.tiff,1,1,1,0,0
51759,20221031-ecoli-chp1_Crop_0_54.tiff,1,1,1,0,0
51782,20221031-ecoli-chp1_Crop_0_79.tiff,1,1,1,0,0
51794,20221031-ecoli-chp1_Crop_0_91.tiff,1,1,0,0,0
51840,20221031-ecoli-chp1_Crop_0_139.tiff,1,1,1,0,0
51908,20221031-ecoli-chp1_Crop_0_212.tiff,0,0,0,0,0
51946,20221031-ecoli-chp1_Crop_0_255.tiff,1,1,1,0,0
52097,20221031-ecoli-chp1_Crop_0_422.tiff,1,1,1,0,0
52213,20221031-ecoli-chp1_Crop_1_54.tiff,0,1,0,1,0
52215,20221031-ecoli-chp1_Crop_1_56.tiff,1,1,0,1,0
52237,20221031-ecoli-chp1_Crop_1_80.tiff,1,1,0,1,0
52267,20221031-ecoli-chp1_Crop_1_113.tiff,1,1,0,1,0
52274,20221031-ecoli-chp1_Crop_1_120.tiff,1,1,0,1,0
52281,20221031-ecoli-chp1_Crop_1_128.tiff,1,1,0,1,0
52306,20221031-ecoli-chp1_Crop_1_156.tiff,1,1,1,1,0
52319,20221031-ecoli-chp1_Crop_1_169.tiff,1,1,1,1,0
52321,20221031-ecoli-chp1_Crop_1_171.tiff,1,1,0,1,0
52368,20221031-ecoli-chp1_Crop_1_223.tiff,1,1,0,1,0
52372,20221031-ecoli-chp1_Crop_1_228.tiff,1,1,0,1,0
52452,20221031-ecoli-chp1_Crop_1_313.tiff,1,1,0,1,0
52491,20221031-ecoli-chp1_Crop_1_357.tiff,1,1,0,1,0
52540,20221031-ecoli-chp1_Crop_1_413.tiff,1,1,0,1,0
52545,20221031-ecoli-chp1_Crop_1_418.tiff,1,1,0,1,0
52573,20221031-ecoli-chp1_Crop_1_452.tiff,1,1,0,1,0
52579,20221031-ecoli-chp1_Crop_1_458.tiff,1,1,1,1,0
52743,20221031-ecoli-chp1_Crop_2_132.tiff,0,1,0,0,0
52930,20221031-ecoli-chp1_Crop_2_332.tiff,1,1,0,1,0
52948,20221031-ecoli-chp1_Crop_2_359.tiff,1,1,0,1,0
53018,20221031-ecoli-chp1_Crop_2_440.tiff,0,1,1,0,0
53033,20221031-ecoli-chp1_Crop_2_455.tiff,1,0,0,1,0
53056,20221031-ecoli-chp1_Crop_2_479.tiff,0,1,0,0,0
53235,20221031-ecoli-chp1_Crop_3_171.tiff,0,0,0,1,0
53290,20221031-ecoli-chp1_Crop_3_229.tiff,0,0,0,1,0
53326,20221031-ecoli-chp1_Crop_3_267.tiff,0,1,0,0,0
53367,20221031-ecoli-chp1_Crop_3_310.tiff,0,0,0,1,0
53398,20221031-ecoli-chp1_Crop_3_342.tiff,0,1,0,1,0
53422,20221031-ecoli-chp1_Crop_3_368.tiff,1,1,0,1,0
53449,20221031-ecoli-chp1_Crop_3_396.tiff,0,0,0,0,0
53478,20221031-ecoli-chp1_Crop_3_427.tiff,0,0,0,0,0
53555,20221031-ecoli-chp1_Crop_4_18.tiff,0,0,0,0,0
53799,20221031-ecoli-chp1_Crop_4_295.tiff,0,1,0,0,0
53820,20221031-ecoli-chp1_Crop_4_317.tiff,0,1,0,0,0
53845,20221031-ecoli-chp1_Crop_4_347.tiff,0,0,0,0,0
54026,20221031-ecoli-chp1_Crop_5_44.tiff,0,0,0,0,0
54068,20221031-ecoli-chp1_Crop_5_91.tiff,0,1,0,0,0
54079,20221031-ecoli-chp1_Crop_5_103.tiff,0,0,0,1,0
54242,20221031-ecoli-chp1_Crop_5_278.tiff,0,1,0,0,0
54465,20221013-ecoli-chp_Crop_0_16.tiff,1,1,1,0,0
54510,20221013-ecoli-chp_Crop_0_62.tiff,1,1,0,0,0
54676,20221013-ecoli-chp_Crop_0_245.tiff,1,1,1,0,0
54774,20221013-ecoli-chp_Crop_0_352.tiff,0,0,0,0,0
54783,20221013-ecoli-chp_Crop_0_361.tiff,1,1,1,0,0
54973,20221013-ecoli-chp_Crop_1_70.tiff,1,1,0,0,0
55017,20221013-ecoli-chp_Crop_1_119.tiff,1,1,0,0,0
55058,20221013-ecoli-chp_Crop_1_162.tiff,1,1,0,1,0
55080,20221013-ecoli-chp_Crop_1_184.tiff,1,1,0,0,0
55164,20221013-ecoli-chp_Crop_1_271.tiff,1,1,0,0,0
55261,20221013-ecoli-chp_Crop_1_370.tiff,1,1,0,0,0
55277,20221013-ecoli-chp_Crop_1_386.tiff,1,1,0,0,0
55412,20221013-ecoli-chp_Crop_2_31.tiff,1,1,0,1,1
55440,20221013-ecoli-chp_Crop_2_59.tiff,1,1,0,1,0
55455,20221013-ecoli-chp_Crop_2_74.tiff,1,1,0,1,1
55479,20221013-ecoli-chp_Crop_2_98.tiff,1,1,0,1,0
55498,20221013-ecoli-chp_Crop_2_118.tiff,0,0,0,0,0
55520,20221013-ecoli-chp_Crop_2_140.tiff,1,1,0,1,1
55544,20221013-ecoli-chp_Crop_2_165.tiff,0,1,0,1,1
55568,20221013-ecoli-chp_Crop_2_189.tiff,1,1,0,1,1
55597,20221013-ecoli-chp_Crop_2_221.tiff,1,1,0,1,1
55633,20221013-ecoli-chp_Crop_2_257.tiff,1,1,0,1,1
55700,20221013-ecoli-chp_Crop_2_325.tiff,1,1,0,1,0
55714,20221013-ecoli-chp_Crop_2_339.tiff,0,0,0,0,0
55813,20221013-ecoli-chp_Crop_2_446.tiff,1,1,0,1,1
55903,20221013-ecoli-chp_Crop_3_37.tiff,0,1,0,0,0
55997,20221013-ecoli-chp_Crop_3_133.tiff,0,1,0,0,0
56025,20221013-ecoli-chp_Crop_3_164.tiff,0,0,0,0,0
56126,20221013-ecoli-chp_Crop_3_274.tiff,0,0,0,0,0
56150,20221013-ecoli-chp_Crop_3_298.tiff,0,1,0,0,0
56304,20221013-ecoli-chp_Crop_3_456.tiff,0,0,0,0,0
56382,20221013-ecoli-chp_Crop_4_34.tiff,0,1,0,0,0
56508,20221013-ecoli-chp_Crop_4_171.tiff,0,1,0,1,0
56604,20221013-ecoli-chp_Crop_4_275.tiff,0,1,0,0,0
56624,20221013-ecoli-chp_Crop_4_295.tiff,1,1,1,1,1
56649,20221013-ecoli-chp_Crop_4_325.tiff,0,1,0,0,0
56745,20221013-ecoli-chp_Crop_4_424.tiff,0,1,0,1,0
56815,20221013-ecoli-chp_Crop_4_498.tiff,0,0,0,0,0
56831,20221013-ecoli-chp_Crop_5_14.tiff,0,0,0,0,0
57028,20221013-ecoli-chp_Crop_5_214.tiff,0,0,0,1,0
57309,20221012-ecoli-chp_Crop_0_27.tiff,1,1,1,0,0
57714,20221012-ecoli-chp_Crop_0_454.tiff,1,1,1,0,0
57730,20221012-ecoli-chp_Crop_0_470.tiff,1,1,0,0,0
57745,20221012-ecoli-chp_Crop_0_485.tiff,1,1,0,0,0
57802,20221012-ecoli-chp_Crop_1_50.tiff,0,1,0,0,0
57871,20221012-ecoli-chp_Crop_1_127.tiff,0,1,0,0,0
57900,20221012-ecoli-chp_Crop_1_161.tiff,0,1,0,0,0
57928,20221012-ecoli-chp_Crop_1_196.tiff,0,0,0,0,0
58035,20221012-ecoli-chp_Crop_1_333.tiff,0,1,0,0,0
58072,20221012-ecoli-chp_Crop_1_379.tiff,0,1,0,0,0
58237,20221012-ecoli-chp_Crop_2_59.tiff,0,1,0,0,0
58360,20221012-ecoli-chp_Crop_2_195.tiff,0,1,0,0,0
58437,20221012-ecoli-chp_Crop_2_284.tiff,0,1,0,0,0
58440,20221012-ecoli-chp_Crop_2_287.tiff,0,1,0,0,0
58789,20221012-ecoli-chp_Crop_3_154.tiff,0,0,0,0,0
58833,20221012-ecoli-chp_Crop_3_204.tiff,0,1,0,0,0
58868,20221012-ecoli-chp_Crop_3_240.tiff,0,0,0,0,0
59065,20221012-ecoli-chp_Crop_3_447.tiff,0,1,0,0,0
59140,20221012-ecoli-chp_Crop_4_22.tiff,0,1,0,0,0
59254,20221012-ecoli-chp_Crop_4_142.tiff,0,0,0,0,0
59309,20221012-ecoli-chp_Crop_4_200.tiff,0,1,0,0,0
59403,20221012-ecoli-chp_Crop_4_301.tiff,0,1,0,0,0
59597,20221012-ecoli-chp_Crop_5_1.tiff,0,1,0,0,0
59691,20221012-ecoli-chp_Crop_5_99.tiff,0,1,0,0,0
59946,20221012-ecoli-chp_Crop_5_374.tiff,0,0,0,0,0
60056,20221012-ecoli-chp_Crop_5_495.tiff,0,0,0,0,0
60149,20220628-MIC-e.coli-chp-LB-2_Crop_0_98.tiff,0,1,0,0,0
60168,20220628-MIC-e.coli-chp-LB-2_Crop_0_118.tiff,1,1,0,1,0
60295,20220628-MIC-e.coli-chp-LB-2_Crop_0_250.tiff,0,1,0,0,0
60343,20220628-MIC-e.coli-chp-LB-2_Crop_0_299.tiff,1,1,0,1,0
60455,20220628-MIC-e.coli-chp-LB-2_Crop_0_418.tiff,1,1,0,0,0
60659,20220628-MIC-e.coli-chp-LB-2_Crop_1_136.tiff,1,1,0,1,0
60673,20220628-MIC-e.coli-chp-LB-2_Crop_1_150.tiff,0,1,0,1,0
60761,20220628-MIC-e.coli-chp-LB-2_Crop_1_240.tiff,0,1,0,1,0
60776,20220628-MIC-e.coli-chp-LB-2_Crop_1_255.tiff,1,1,0,1,0
60792,20220628-MIC-e.coli-chp-LB-2_Crop_1_273.tiff,1,1,0,1,0
60813,20220628-MIC-e.coli-chp-LB-2_Crop_1_295.tiff,1,1,0,1,0
60847,20220628-MIC-e.coli-chp-LB-2_Crop_1_331.tiff,1,1,0,1,0
60883,20220628-MIC-e.coli-chp-LB-2_Crop_1_368.tiff,1,1,0,0,1
60942,20220628-MIC-e.coli-chp-LB-2_Crop_1_431.tiff,0,1,0,1,1
60945,20220628-MIC-e.coli-chp-LB-2_Crop_1_434.tiff,1,1,0,1,0
61086,20220628-MIC-e.coli-chp-LB-2_Crop_2_86.tiff,1,1,0,1,1
61099,20220628-MIC-e.coli-chp-LB-2_Crop_2_99.tiff,0,1,0,0,0
61118,20220628-MIC-e.coli-chp-LB-2_Crop_2_119.tiff,0,1,0,1,1
61142,20220628-MIC-e.coli-chp-LB-2_Crop_2_147.tiff,1,1,0,1,1
61192,20220628-MIC-e.coli-chp-LB-2_Crop_2_202.tiff,0,1,0,0,1
61198,20220628-MIC-e.coli-chp-LB-2_Crop_2_208.tiff,0,1,0,1,0
61224,20220628-MIC-e.coli-chp-LB-2_Crop_2_235.tiff,1,1,0,1,0
61246,20220628-MIC-e.coli-chp-LB-2_Crop_2_258.tiff,1,1,0,1,0
61281,20220628-MIC-e.coli-chp-LB-2_Crop_2_295.tiff,1,1,0,1,1
61342,20220628-MIC-e.coli-chp-LB-2_Crop_2_357.tiff,1,1,0,1,1
61418,20220628-MIC-e.coli-chp-LB-2_Crop_2_436.tiff,1,1,0,1,0
61608,20220628-MIC-e.coli-chp-LB-2_Crop_3_149.tiff,0,1,0,1,0
61621,20220628-MIC-e.coli-chp-LB-2_Crop_3_162.tiff,1,1,0,1,0
61692,20220628-MIC-e.coli-chp-LB-2_Crop_3_235.tiff,0,0,0,0,0
61746,20220628-MIC-e.coli-chp-LB-2_Crop_3_293.tiff,1,1,0,1,0
61754,20220628-MIC-e.coli-chp-LB-2_Crop_3_301.tiff,1,1,0,1,0
61795,20220628-MIC-e.coli-chp-LB-2_Crop_3_352.tiff,0,1,0,1,1
61798,20220628-MIC-e.coli-chp-LB-2_Crop_3_357.tiff,0,1,0,0,0
61836,20220628-MIC-e.coli-chp-LB-2_Crop_3_399.tiff,0,1,0,0,0
61853,20220628-MIC-e.coli-chp-LB-2_Crop_3_417.tiff,1,1,0,1,0
61871,20220628-MIC-e.coli-chp-LB-2_Crop_3_436.tiff,0,1,0,0,0
61883,20220628-MIC-e.coli-chp-LB-2_Crop_3_448.tiff,0,1,0,0,1
62050,20220628-MIC-e.coli-chp-LB-2_Crop_4_134.tiff,0,1,0,1,0
62053,20220628-MIC-e.coli-chp-LB-2_Crop_4_137.tiff,0,1,0,1,0
62119,20220628-MIC-e.coli-chp-LB-2_Crop_4_207.tiff,0,1,1,0,0
62206,20220628-MIC-e.coli-chp-LB-2_Crop_4_301.tiff,0,1,0,1,1
62208,20220628-MIC-e.coli-chp-LB-2_Crop_4_303.tiff,0,1,0,1,1
62213,20220628-MIC-e.coli-chp-LB-2_Crop_4_309.tiff,0,1,0,0,1
62244,20220628-MIC-e.coli-chp-LB-2_Crop_4_341.tiff,0,1,0,1,0
62387,20220628-MIC-e.coli-chp-LB-2_Crop_4_492.tiff,0,1,0,0,0
62400,20220628-MIC-e.coli-chp-LB-2_Crop_5_7.tiff,0,0,0,0,0
62419,20220628-MIC-e.coli-chp-LB-2_Crop_5_26.tiff,0,1,0,0,0
62531,20220628-MIC-e.coli-chp-LB-2_Crop_5_147.tiff,0,0,0,0,0
62932,20220628-MIC-e.coli-chp-LB-1_Crop_0_71.tiff,1,1,1,0,0
62966,20220628-MIC-e.coli-chp-LB-1_Crop_0_106.tiff,1,1,1,0,0
62983,20220628-MIC-e.coli-chp-LB-1_Crop_0_125.tiff,1,1,1,0,0
63003,20220628-MIC-e.coli-chp-LB-1_Crop_0_146.tiff,1,1,1,0,0
63012,20220628-MIC-e.coli-chp-LB-1_Crop_0_155.tiff,1,1,1,0,0
63015,20220628-MIC-e.coli-chp-LB-1_Crop_0_158.tiff,1,1,1,0,0
63035,20220628-MIC-e.coli-chp-LB-1_Crop_0_178.tiff,1,1,1,0,0
63070,20220628-MIC-e.coli-chp-LB-1_Crop_0_213.tiff,1,1,1,0,0
63079,20220628-MIC-e.coli-chp-LB-1_Crop_0_222.tiff,1,1,1,0,0
63194,20220628-MIC-e.coli-chp-LB-1_Crop_0_338.tiff,1,1,1,0,0
63197,20220628-MIC-e.coli-chp-LB-1_Crop_0_341.tiff,1,1,1,0,0
63257,20220628-MIC-e.coli-chp-LB-1_Crop_0_406.tiff,1,1,1,0,0
63264,20220628-MIC-e.coli-chp-LB-1_Crop_0_413.tiff,1,1,1,0,0
63284,20220628-MIC-e.coli-chp-LB-1_Crop_0_434.tiff,1,1,1,0,0
63332,20220628-MIC-e.coli-chp-LB-1_Crop_0_484.tiff,1,1,1,0,0
63558,20220628-MIC-e.coli-chp-LB-1_Crop_1_228.tiff,1,1,0,0,0
63686,20220628-MIC-e.coli-chp-LB-1_Crop_1_361.tiff,1,1,1,0,0
63711,20220628-MIC-e.coli-chp-LB-1_Crop_1_387.tiff,1,1,1,0,0
63739,20220628-MIC-e.coli-chp-LB-1_Crop_1_416.tiff,1,1,1,0,0
63795,20220628-MIC-e.coli-chp-LB-1_Crop_1_476.tiff,1,1,1,0,0
63887,20220628-MIC-e.coli-chp-LB-1_Crop_2_76.tiff,1,1,0,0,0
63914,20220628-MIC-e.coli-chp-LB-1_Crop_2_105.tiff,1,1,0,1,0
63947,20220628-MIC-e.coli-chp-LB-1_Crop_2_142.tiff,1,1,0,0,0
64037,20220628-MIC-e.coli-chp-LB-1_Crop_2_239.tiff,1,1,0,0,0
64119,20220628-MIC-e.coli-chp-LB-1_Crop_2_323.tiff,1,1,0,0,0
64154,20220628-MIC-e.coli-chp-LB-1_Crop_2_358.tiff,1,1,0,0,0
64156,20220628-MIC-e.coli-chp-LB-1_Crop_2_360.tiff,1,1,0,0,0
64270,20220628-MIC-e.coli-chp-LB-1_Crop_2_482.tiff,1,1,0,0,0
64276,20220628-MIC-e.coli-chp-LB-1_Crop_2_488.tiff,1,1,0,0,0
64356,20220628-MIC-e.coli-chp-LB-1_Crop_3_75.tiff,1,1,1,0,0
64464,20220628-MIC-e.coli-chp-LB-1_Crop_3_192.tiff,1,1,0,0,0
64497,20220628-MIC-e.coli-chp-LB-1_Crop_3_228.tiff,1,1,0,0,0
64507,20220628-MIC-e.coli-chp-LB-1_Crop_3_241.tiff,1,1,0,0,0
64578,20220628-MIC-e.coli-chp-LB-1_Crop_3_322.tiff,1,1,0,0,0
64625,20220628-MIC-e.coli-chp-LB-1_Crop_3_371.tiff,1,1,0,0,0
64636,20220628-MIC-e.coli-chp-LB-1_Crop_3_383.tiff,1,1,0,0,0
64697,20220628-MIC-e.coli-chp-LB-1_Crop_3_447.tiff,1,1,0,0,0
64703,20220628-MIC-e.coli-chp-LB-1_Crop_3_455.tiff,1,1,0,0,0
64790,20220628-MIC-e.coli-chp-LB-1_Crop_4_48.tiff,1,1,0,0,0
64825,20220628-MIC-e.coli-chp-LB-1_Crop_4_85.tiff,0,1,0,0,0
64982,20220628-MIC-e.coli-chp-LB-1_Crop_4_244.tiff,1,1,0,0,0
64989,20220628-MIC-e.coli-chp-LB-1_Crop_4_251.tiff,0,1,0,0,0
65006,20220628-MIC-e.coli-chp-LB-1_Crop_4_269.tiff,1,1,1,1,0
65048,20220628-MIC-e.coli-chp-LB-1_Crop_4_311.tiff,1,1,0,0,0
65229,20220628-MIC-e.coli-chp-LB-1_Crop_4_496.tiff,0,0,0,0,0
65254,20220628-MIC-e.coli-chp-LB-1_Crop_5_25.tiff,0,1,1,0,0
65328,20220628-MIC-e.coli-chp-LB-1_Crop_5_104.tiff,1,1,0,0,0
65423,20220628-MIC-e.coli-chp-LB-1_Crop_5_202.tiff,1,1,0,0,0
65485,20220628-MIC-e.coli-chp-LB-1_Crop_5_266.tiff,1,1,0,1,0
65539,20220628-MIC-e.coli-chp-LB-1_Crop_5_327.tiff,1,1,0,0,0
65633,20220628-MIC-e.coli-chp-LB-1_Crop_5_430.tiff,0,1,0,0,0
66202,20220602-MIC-e.coli-chp-LB_Crop_1_28.tiff,0,0,0,0,0
66255,20220602-MIC-e.coli-chp-LB_Crop_1_83.tiff,0,1,0,0,1
66384,20220602-MIC-e.coli-chp-LB_Crop_1_212.tiff,0,1,0,1,0
66415,20220602-MIC-e.coli-chp-LB_Crop_1_243.tiff,0,1,0,1,0
66589,20220602-MIC-e.coli-chp-LB_Crop_1_421.tiff,0,1,0,0,0
66714,20220602-MIC-e.coli-chp-LB_Crop_2_50.tiff,0,1,0,1,0
66754,20220602-MIC-e.coli-chp-LB_Crop_2_91.tiff,0,0,0,0,0
66774,20220602-MIC-e.coli-chp-LB_Crop_2_111.tiff,0,1,0,0,1
66817,20220602-MIC-e.coli-chp-LB_Crop_2_155.tiff,0,1,0,1,0
66836,20220602-MIC-e.coli-chp-LB_Crop_2_174.tiff,1,1,0,1,0
66859,20220602-MIC-e.coli-chp-LB_Crop_2_197.tiff,0,1,0,1,0
66868,20220602-MIC-e.coli-chp-LB_Crop_2_206.tiff,0,1,0,1,0
66978,20220602-MIC-e.coli-chp-LB_Crop_2_319.tiff,0,1,0,0,0
66996,20220602-MIC-e.coli-chp-LB_Crop_2_337.tiff,1,1,0,1,0
67250,20220602-MIC-e.coli-chp-LB_Crop_3_106.tiff,1,1,0,0,0
67282,20220602-MIC-e.coli-chp-LB_Crop_3_140.tiff,1,1,0,1,0
67454,20220602-MIC-e.coli-chp-LB_Crop_3_318.tiff,1,1,0,0,0
67570,20220602-MIC-e.coli-chp-LB_Crop_3_443.tiff,1,1,0,0,0
67609,20220602-MIC-e.coli-chp-LB_Crop_3_483.tiff,1,1,0,1,0
67615,20220602-MIC-e.coli-chp-LB_Crop_3_489.tiff,1,1,0,1,0
67621,20220602-MIC-e.coli-chp-LB_Crop_3_495.tiff,1,1,1,0,0
67692,20220602-MIC-e.coli-chp-LB_Crop_4_74.tiff,1,1,0,0,0
67874,20220602-MIC-e.coli-chp-LB_Crop_4_262.tiff,1,1,0,0,0
68058,20220602-MIC-e.coli-chp-LB_Crop_4_451.tiff,1,1,0,0,0
68068,20220602-MIC-e.coli-chp-LB_Crop_4_462.tiff,1,1,0,1,0
68509,20220602-MIC-e.coli-chp-LB_Crop_5_439.tiff,1,1,1,0,0
68654,20220524-MIC-e.coli-chp-LB_Crop_0_94.tiff,1,1,1,0,0
68676,20220524-MIC-e.coli-chp-LB_Crop_0_120.tiff,1,1,1,0,0
68882,20220524-MIC-e.coli-chp-LB_Crop_0_338.tiff,1,1,0,0,0
68895,20220524-MIC-e.coli-chp-LB_Crop_0_351.tiff,1,1,1,0,0
68981,20220524-MIC-e.coli-chp-LB_Crop_0_443.tiff,1,1,0,0,0
69054,20220524-MIC-e.coli-chp-LB_Crop_1_19.tiff,1,1,0,0,0
69210,20220524-MIC-e.coli-chp-LB_Crop_1_194.tiff,1,1,0,0,0
69708,20220524-MIC-e.coli-chp-LB_Crop_2_224.tiff,1,1,0,0,0
69711,20220524-MIC-e.coli-chp-LB_Crop_2_231.tiff,1,1,1,1,1
69775,20220524-MIC-e.coli-chp-LB_Crop_2_302.tiff,1,1,0,0,0
69841,20220524-MIC-e.coli-chp-LB_Crop_2_376.tiff,1,1,0,1,1
69865,20220524-MIC-e.coli-chp-LB_Crop_2_403.tiff,1,1,0,1,0
69906,20220524-MIC-e.coli-chp-LB_Crop_2_448.tiff,1,1,0,0,1
69934,20220524-MIC-e.coli-chp-LB_Crop_2_482.tiff,1,1,0,1,1
70044,20220524-MIC-e.coli-chp-LB_Crop_3_103.tiff,0,1,0,0,0
70058,20220524-MIC-e.coli-chp-LB_Crop_3_119.tiff,0,0,0,0,0
70059,20220524-MIC-e.coli-chp-LB_Crop_3_120.tiff,1,1,0,1,1
70200,20220524-MIC-e.coli-chp-LB_Crop_3_267.tiff,0,1,0,0,0
70273,20220524-MIC-e.coli-chp-LB_Crop_3_342.tiff,0,1,0,0,1
70278,20220524-MIC-e.coli-chp-LB_Crop_3_350.tiff,0,1,0,1,0
70327,20220524-MIC-e.coli-chp-LB_Crop_3_399.tiff,0,0,0,1,0
70338,20220524-MIC-e.coli-chp-LB_Crop_3_414.tiff,0,1,0,0,0
70536,20220524-MIC-e.coli-chp-LB_Crop_4_138.tiff,0,1,0,1,0
70561,20220524-MIC-e.coli-chp-LB_Crop_4_164.tiff,0,0,0,1,0
70568,20220524-MIC-e.coli-chp-LB_Crop_4_173.tiff,0,1,0,0,0
70620,20220524-MIC-e.coli-chp-LB_Crop_4_225.tiff,0,1,0,0,0
70625,20220524-MIC-e.coli-chp-LB_Crop_4_230.tiff,1,1,1,1,0
70634,20220524-MIC-e.coli-chp-LB_Crop_4_240.tiff,0,1,0,1,0
70657,20220524-MIC-e.coli-chp-LB_Crop_4_264.tiff,0,1,0,0,0
70665,20220524-MIC-e.coli-chp-LB_Crop_4_274.tiff,0,1,0,0,0
70675,20220524-MIC-e.coli-chp-LB_Crop_4_284.tiff,0,1,0,1,0
70701,20220524-MIC-e.coli-chp-LB_Crop_4_312.tiff,0,1,0,0,0
70743,20220524-MIC-e.coli-chp-LB_Crop_4_356.tiff,0,1,0,1,0
70772,20220524-MIC-e.coli-chp-LB_Crop_4_386.tiff,0,1,0,1,0
70791,20220524-MIC-e.coli-chp-LB_Crop_4_406.tiff,0,1,0,1,0
70807,20220524-MIC-e.coli-chp-LB_Crop_4_422.tiff,1,1,1,1,0
70949,20220524-MIC-e.coli-chp-LB_Crop_5_69.tiff,0,1,0,0,0
71021,20220524-MIC-e.coli-chp-LB_Crop_5_143.tiff,0,1,0,0,0
71250,20220524-MIC-e.coli-chp-LB_Crop_5_398.tiff,0,1,0,0,0
71258,20220524-MIC-e.coli-chp-LB_Crop_5_406.tiff,0,1,0,0,0
71341,20220524-MIC-e.coli-chp-LB_Crop_5_493.tiff,0,1,0,0,0
71365,20220614-MIC-e.coli-amp-LB-2_Crop_0_18.tiff,0,0,0,0,0
71609,20220614-MIC-e.coli-amp-LB-2_Crop_0_264.tiff,0,0,0,0,0
72608,20220614-MIC-e.coli-amp-LB-2_Crop_2_293.tiff,0,0,0,1,0
73723,20220614-MIC-e.coli-amp-LB-2_Crop_4_490.tiff,0,0,1,0,0
73884,20220614-MIC-e.coli-amp-LB-2_Crop_5_158.tiff,0,0,0,0,0
74173,20220614-MIC-e.coli-amp-LB-2_Crop_5_467.tiff,0,0,0,0,0
74251,20220614-MIC-e.coli-amp-LB-1_Crop_0_47.tiff,1,1,1,0,0
74322,20220614-MIC-e.coli-amp-LB-1_Crop_0_123.tiff,1,1,1,0,0
74356,20220614-MIC-e.coli-amp-LB-1_Crop_0_157.tiff,1,1,1,0,0
74371,20220614-MIC-e.coli-amp-LB-1_Crop_0_172.tiff,1,1,1,0,0
74422,20220614-MIC-e.coli-amp-LB-1_Crop_0_224.tiff,1,1,1,0,0
74428,20220614-MIC-e.coli-amp-LB-1_Crop_0_230.tiff,1,1,1,0,0
74434,20220614-MIC-e.coli-amp-LB-1_Crop_0_236.tiff,1,0,1,0,0
74463,20220614-MIC-e.coli-amp-LB-1_Crop_0_269.tiff,1,1,1,0,0
74468,20220614-MIC-e.coli-amp-LB-1_Crop_0_274.tiff,1,1,1,0,0
74476,20220614-MIC-e.coli-amp-LB-1_Crop_0_282.tiff,1,1,1,0,0
74528,20220614-MIC-e.coli-amp-LB-1_Crop_0_338.tiff,1,0,1,0,0
74546,20220614-MIC-e.coli-amp-LB-1_Crop_0_356.tiff,1,1,1,0,0
74601,20220614-MIC-e.coli-amp-LB-1_Crop_0_412.tiff,1,1,1,0,0
74673,20220614-MIC-e.coli-amp-LB-1_Crop_0_487.tiff,1,1,1,0,0
74702,20220614-MIC-e.coli-amp-LB-1_Crop_1_25.tiff,1,1,1,0,0
74708,20220614-MIC-e.coli-amp-LB-1_Crop_1_31.tiff,1,1,1,0,0
74744,20220614-MIC-e.coli-amp-LB-1_Crop_1_85.tiff,1,1,1,0,0
74760,20220614-MIC-e.coli-amp-LB-1_Crop_1_101.tiff,1,1,1,0,0
74772,20220614-MIC-e.coli-amp-LB-1_Crop_1_114.tiff,1,1,1,0,0
74812,20220614-MIC-e.coli-amp-LB-1_Crop_1_174.tiff,1,1,0,0,0
74898,20220614-MIC-e.coli-amp-LB-1_Crop_1_305.tiff,1,1,1,0,0
74916,20220614-MIC-e.coli-amp-LB-1_Crop_1_337.tiff,1,1,0,0,0
74945,20220614-MIC-e.coli-amp-LB-1_Crop_1_403.tiff,1,1,1,0,0
74958,20220614-MIC-e.coli-amp-LB-1_Crop_1_416.tiff,1,1,0,0,0
74971,20220614-MIC-e.coli-amp-LB-1_Crop_1_448.tiff,1,1,1,0,0
74996,20220614-MIC-e.coli-amp-LB-1_Crop_1_492.tiff,1,1,1,0,0
75131,20220614-MIC-e.coli-amp-LB-1_Crop_2_133.tiff,1,1,1,0,0
75132,20220614-MIC-e.coli-amp-LB-1_Crop_2_134.tiff,1,1,1,0,0
75135,20220614-MIC-e.coli-amp-LB-1_Crop_2_137.tiff,1,1,1,1,0
75167,20220614-MIC-e.coli-amp-LB-1_Crop_2_174.tiff,1,1,1,1,0
75317,20220614-MIC-e.coli-amp-LB-1_Crop_2_325.tiff,1,1,1,0,0
75342,20220614-MIC-e.coli-amp-LB-1_Crop_2_350.tiff,1,1,1,0,0
75361,20220614-MIC-e.coli-amp-LB-1_Crop_2_369.tiff,1,1,1,0,0
75368,20220614-MIC-e.coli-amp-LB-1_Crop_2_376.tiff,1,1,1,0,0
75388,20220614-MIC-e.coli-amp-LB-1_Crop_2_396.tiff,1,1,1,0,0
75399,20220614-MIC-e.coli-amp-LB-1_Crop_2_407.tiff,1,1,1,1,0
75492,20220614-MIC-e.coli-amp-LB-1_Crop_3_4.tiff,0,0,0,0,0
75519,20220614-MIC-e.coli-amp-LB-1_Crop_3_31.tiff,0,1,0,0,1
75531,20220614-MIC-e.coli-amp-LB-1_Crop_3_43.tiff,1,1,1,0,0
75532,20220614-MIC-e.coli-amp-LB-1_Crop_3_44.tiff,0,1,1,0,0
75553,20220614-MIC-e.coli-amp-LB-1_Crop_3_65.tiff,1,1,1,0,0
75606,20220614-MIC-e.coli-amp-LB-1_Crop_3_118.tiff,0,1,1,0,0
75634,20220614-MIC-e.coli-amp-LB-1_Crop_3_146.tiff,1,1,1,0,0
75701,20220614-MIC-e.coli-amp-LB-1_Crop_3_214.tiff,1,1,1,0,1
75730,20220614-MIC-e.coli-amp-LB-1_Crop_3_244.tiff,0,0,1,0,0
75744,20220614-MIC-e.coli-amp-LB-1_Crop_3_259.tiff,1,1,0,0,1
75747,20220614-MIC-e.coli-amp-LB-1_Crop_3_263.tiff,1,1,1,0,0
75763,20220614-MIC-e.coli-amp-LB-1_Crop_3_284.tiff,1,1,1,0,0
75790,20220614-MIC-e.coli-amp-LB-1_Crop_3_311.tiff,1,1,1,1,1
75884,20220614-MIC-e.coli-amp-LB-1_Crop_3_407.tiff,1,1,1,1,0
75892,20220614-MIC-e.coli-amp-LB-1_Crop_3_415.tiff,1,1,1,0,0
75924,20220614-MIC-e.coli-amp-LB-1_Crop_3_448.tiff,0,1,0,0,0
75947,20220614-MIC-e.coli-amp-LB-1_Crop_3_473.tiff,0,0,1,1,0
76016,20220614-MIC-e.coli-amp-LB-1_Crop_4_44.tiff,0,0,1,0,0
76142,20220614-MIC-e.coli-amp-LB-1_Crop_4_176.tiff,0,1,1,0,0
76220,20220614-MIC-e.coli-amp-LB-1_Crop_4_260.tiff,1,1,0,0,1
76229,20220614-MIC-e.coli-amp-LB-1_Crop_4_271.tiff,1,1,0,1,1
76246,20220614-MIC-e.coli-amp-LB-1_Crop_4_289.tiff,1,0,0,1,1
76381,20220614-MIC-e.coli-amp-LB-1_Crop_4_429.tiff,0,0,0,0,0
76568,20220614-MIC-e.coli-amp-LB-1_Crop_5_129.tiff,0,0,0,0,0
76592,20220614-MIC-e.coli-amp-LB-1_Crop_5_155.tiff,0,0,0,0,0
76672,20220614-MIC-e.coli-amp-LB-1_Crop_5_236.tiff,0,0,1,0,0
76812,20220614-MIC-e.coli-amp-LB-1_Crop_5_382.tiff,0,1,0,0,0
